Title,Age Rating,Classified Age Range,Release Year,From Last Decade,Age
Bea's Block,age 2+,02-May,2024,Yes,2
Sea of Love,age 2+,02-May,2023,Yes,2
L'il Stompers,age 2+,02-May,2023,Yes,2
Superbuns,age 2+,02-May,2023,Yes,2
Zizi and Hannibal,age 2+,02-May,2023,Yes,2
Sago Mini Friends Earth Day Special: Treasure It,age 2+,02-May,2023,Yes,2
Eva the Owlet,age 2+,02-May,2023,Yes,2
Mickey's Mousekersize,age 2+,02-May,2023,Yes,2
Muppet Babies Play Date,age 2+,02-May,2023,Yes,2
Scribbles and Ink,age 2+,02-May,2022,Yes,2
Teletubbies (2022),age 2+,02-May,2022,Yes,2
Slumberkins,age 2+,02-May,2022,Yes,2
Teletubbies Let's Go!,age 2+,02-May,2022,Yes,2
Little Angel,age 2+,02-May,2022,Yes,2
"Jelly, Ben & Pogo",age 2+,02-May,2022,Yes,2
Doggyland,age 2+,02-May,2022,Yes,2
Caillou: Rosie the Giant,age 2+,02-May,2022,Yes,2
Duck & Goose,age 2+,02-May,2022,Yes,2
Me & Mickey,age 2+,02-May,2022,Yes,2
Pocoyo: Disco,age 2+,02-May,2022,Yes,2
Word Party Presents: Math!,age 2+,02-May,2021,Yes,2
Babble Bop,age 2+,02-May,2021,Yes,2
Blippi Wonders,age 2+,02-May,2021,Yes,2
Odo,age 2+,02-May,2021,Yes,2
The Runaway Bunny,age 2+,02-May,2021,Yes,2
Remy and Boo,age 2+,02-May,2020,Yes,2
Buddi,age 2+,02-May,2020,Yes,2
Little Baby Bum,age 2+,02-May,2019,Yes,2
Chip and Potato,age 2+,02-May,2019,Yes,2
Moon and Me,age 2+,02-May,2019,Yes,2
Cleo & Cuquin,age 2+,02-May,2018,Yes,2
Looi the Cat,age 2+,02-May,2014,Yes,2
Bing,age 2+,02-May,2014,Yes,2
Harry the Bunny,age 2+,02-May,2013,No,2
Rainbow Horse,age 2+,02-May,2013,No,2
Numbers Around the Globe,age 2+,02-May,2013,No,2
Bonnie Bear,age 2+,02-May,2012,No,2
Bloop & Loop,age 2+,02-May,2012,No,2
Color Crew,age 2+,02-May,2012,No,2
Raa Raa the Noisy Lion,age 2+,02-May,2011,No,2
The Adventures of Chuck and Friends,age 2+,02-May,2010,No,2
Hopla,age 2+,02-May,2010,No,2
Uki,age 2+,02-May,2010,No,2
Timmy Time,age 2+,02-May,2009,No,2
PICME,age 2+,02-May,2008,No,2
The Sprout Sharing Show,age 2+,02-May,2007,No,2
In the Night Garden,age 2+,02-May,2007,No,2
Louie,age 2+,02-May,2006,No,2
The Good Night Show,age 2+,02-May,2005,No,2
Big Sister & Little Brother,age 2+,02-May,2005,No,2
Fifi and the Flowertots,age 2+,02-May,2005,No,2
Connie the Cow,age 2+,02-May,2003,No,2
I Spy,age 2+,02-May,2003,No,2
Rubbadubbers,age 2+,02-May,2002,No,2
Caillou,age 3+,02-May,2024,Yes,3
Bluey Book Reads,age 3+,02-May,2024,Yes,3
Rocket Saves the Day,age 3+,02-May,2023,Yes,3
Mickey's Christmas Tales,age 3+,02-May,2023,Yes,3
Jessica's Big Little World,age 3+,02-May,2023,Yes,3
When Duck Met Goose,age 3+,02-May,2023,Yes,3
Dino Pops,age 3+,02-May,2023,Yes,3
Frog and Toad,age 3+,02-May,2023,Yes,3
Rev and Roll,age 3+,02-May,2023,Yes,3
Hanni and the Wild Woods,age 3+,02-May,2023,Yes,3
StoryTime with Ms. Booksy,age 3+,02-May,2023,Yes,3
Kiya & the Kimoja Heroes,age 3+,02-May,2023,Yes,3
Mickey Mouse: Hot Diggity-Dog Tales,age 3+,02-May,2023,Yes,3
Rubble & Crew,age 3+,02-May,2023,Yes,3
SuperKitties,age 3+,02-May,2023,Yes,3
City Island,age 3+,02-May,2022,Yes,3
Pretzel and the Puppies Holiday Special: Merry Muttgomery!,age 3+,02-May,2022,Yes,3
Bananya,age 3+,02-May,2022,Yes,3
Snoopy Show Holiday Special: Happiness is the Gift of Giving,age 3+,02-May,2022,Yes,3
Sesame Street: The Nutcracker,age 3+,02-May,2022,Yes,3
Mickey Saves Christmas,age 3+,02-May,2022,Yes,3
Sago Mini Kids: Happy Thankful Day,age 3+,02-May,2022,Yes,3
Spirit Rangers,age 3+,02-May,2022,Yes,3
Firebuds,age 3+,02-May,2022,Yes,3
Sago Mini Friends,age 3+,02-May,2022,Yes,3
Deepa & Anoop,age 3+,02-May,2022,Yes,3
Peppa's Club,age 3+,02-May,2022,Yes,3
Eureka!,age 3+,02-May,2022,Yes,3
Daniel Tiger's Neighborhood: Daniel Visits a New Neighborhood,age 3+,02-May,2022,Yes,3
Lovely Little Farm,age 3+,02-May,2022,Yes,3
"Mira, Royal Detective: The Mystery of the Royal Flight",age 3+,02-May,2022,Yes,3
Pocoyo: Specials,age 3+,02-May,2022,Yes,3
Vlad and Niki,age 3+,02-May,2022,Yes,3
Elinor Wonders Why: A Wonderful Journey,age 3+,02-May,2022,Yes,3
Pretzel and the Puppies,age 3+,02-May,2022,Yes,3
"Rise Up, Sing Out",age 3+,02-May,2022,Yes,3
Charlie's Colorforms City: Snowy Stories,age 3+,02-May,2021,Yes,3
Growing with Lottie Dottie,age 3+,02-May,2021,Yes,3
Lucas the Spider,age 3+,02-May,2021,Yes,3
"Do, Re & Mi",age 3+,02-May,2021,Yes,3
Octonauts: Above and Beyond,age 3+,02-May,2021,Yes,3
Mickey Mouse Funhouse,age 3+,02-May,2021,Yes,3
Furry Friends Forever: Elmo Gets a Puppy,age 3+,02-May,2021,Yes,3
Lellobee City Farm,age 3+,02-May,2021,Yes,3
The BeatBuds: Let's Jam!,age 3+,02-May,2021,Yes,3
Super Monsters: Once Upon a Rhyme,age 3+,02-May,2021,Yes,3
Bluey Easter,age 3+,02-May,2021,Yes,3
Rhymes Through Times,age 3+,02-May,2021,Yes,3
"Go, Dog. Go!",age 3+,02-May,2021,Yes,3
Gabby's Dollhouse,age 3+,02-May,2021,Yes,3
Cartoonito Shorts,age 3+,02-May,2021,Yes,3
Oggy Oggy,age 3+,02-May,2021,Yes,3
A Trash Truck Christmas,age 3+,02-May,2020,Yes,3
Esme & Roy: Holiday Spirit/Snow Worries,age 3+,02-May,2020,Yes,3
Super Monsters: Santa's Super Monster Helpers,age 3+,02-May,2020,Yes,3
Trash Truck,age 3+,02-May,2020,Yes,3
Pikwik Pack,age 3+,02-May,2020,Yes,3
The Monster at the End of This Story,age 3+,02-May,2020,Yes,3
Mighty Express,age 3+,02-May,2020,Yes,3
Mo Willems Storytime Shorts!,age 3+,02-May,2020,Yes,3
Daniel Tiger's Neighborhood: Won't You Sing Along With Me?,age 3+,02-May,2020,Yes,3
Elmo's Playdate: Scavenger Hunt,age 3+,02-May,2020,Yes,3
Curious George,age 3+,02-May,2020,Yes,3
Chibi Tiny Tales,age 3+,02-May,2020,Yes,3
JoJo & Gran Gran,age 3+,02-May,2020,Yes,3
Jessy & Nessy,age 3+,02-May,2020,Yes,3
Powerbirds,age 3+,02-May,2020,Yes,3
Clifford the Big Red Dog,age 3+,02-May,2019,Yes,3
Blue's Clues & You!,age 3+,02-May,2019,Yes,3
If You Give a Mouse a Pumpkin,age 3+,02-May,2019,Yes,3
Charlie's Colorforms City,age 3+,02-May,2019,Yes,3
Kiri & Lou,age 3+,02-May,2019,Yes,3
Calico Critters,age 3+,02-May,2018,Yes,3
The Chocolix,age 3+,02-May,2018,Yes,3
Esme & Roy,age 3+,02-May,2018,Yes,3
Music Lullabies,age 3+,02-May,2018,Yes,3
Darwin & Newts,age 3+,02-May,2018,Yes,3
Canticos,age 3+,02-May,2018,Yes,3
The Stinky & Dirty Valentine's Day Show,age 3+,02-May,2018,Yes,3
A Storybots Christmas,age 3+,02-May,2017,Yes,3
If You Give a Mouse a Cookie,age 3+,02-May,2017,Yes,3
Uma and Devan Namaste!,age 3+,02-May,2017,Yes,3
Helen's Little School,age 3+,02-May,2017,Yes,3
Sunny Day,age 3+,02-May,2017,Yes,3
Kit And Pup,age 3+,02-May,2017,Yes,3
Puppy Dog Pals,age 3+,02-May,2017,Yes,3
Tumble Leaf: Spring-a-Ling Surprise,age 3+,02-May,2017,Yes,3
Yo Yo,age 3+,02-May,2017,Yes,3
Dragon,age 3+,02-May,2017,Yes,3
School of Roars,age 3+,02-May,2017,Yes,3
Nella the Princess Knight,age 3+,02-May,2017,Yes,3
Hilltop Hospital,age 3+,02-May,2016,Yes,3
Luna Petunia,age 3+,02-May,2016,Yes,3
Splash and Bubbles,age 3+,02-May,2016,Yes,3
Kate in Oz,age 3+,02-May,2016,Yes,3
Storybots Super Songs,age 3+,02-May,2016,Yes,3
Miffy's Adventures Big and Small,age 3+,02-May,2016,Yes,3
Mack & Moxy,age 3+,02-May,2016,Yes,3
Kazoops!,age 3+,02-May,2016,Yes,3
The Stinky & Dirty Show,age 3+,02-May,2016,Yes,3
Kambu,age 3+,02-May,2016,Yes,3
Miss Danielle's Preschoolbuds,age 3+,02-May,2016,Yes,3
Ask the Storybots,age 3+,02-May,2016,Yes,3
Calimero,age 3+,02-May,2016,Yes,3
Fun with Claude,age 3+,02-May,2016,Yes,3
Terrific Trucks,age 3+,02-May,2016,Yes,3
Word Party,age 3+,02-May,2016,Yes,3
Justin Time GO!,age 3+,02-May,2016,Yes,3
Teletubbies (2016),age 3+,02-May,2016,Yes,3
Sesame Studios,age 3+,02-May,2016,Yes,3
Pim & Pam,age 3+,02-May,2016,Yes,3
Bubble Guppies: Guppy Style!,age 3+,02-May,2016,Yes,3
Care Bears & Cousins,age 3+,02-May,2015,Yes,3
Musti,age 3+,02-May,2015,Yes,3
Ben & Holly's Little Kingdom,age 3+,02-May,2015,Yes,3
Nina's World,age 3+,02-May,2015,Yes,3
Sunny Bunnies,age 3+,02-May,2015,Yes,3
Puffin Rock,age 3+,02-May,2015,Yes,3
Shimmer and Shine,age 3+,02-May,2015,Yes,3
The Day Henry Met …,age 3+,02-May,2015,Yes,3
Clangers,age 3+,02-May,2015,Yes,3
Elias: Rescue Team Adventures,age 3+,02-May,2015,Yes,3
The Book of Once Upon a Time,age 3+,02-May,2015,Yes,3
Super Wings,age 3+,02-May,2015,Yes,3
Sydney Sailboat,age 3+,02-May,2015,Yes,3
Counting with Paula,age 3+,02-May,2015,Yes,3
Wallykazam!: The Big Goblin Problem,age 3+,02-May,2015,Yes,3
Nelly & Nora,age 3+,02-May,2015,Yes,3
Old Jack’s Boat: Rockpool Tales,age 3+,02-May,2015,Yes,3
Kate & Mim-Mim,age 3+,02-May,2014,Yes,3
Hey Duggee,age 3+,02-May,2014,Yes,3
Blaze and the Monster Machines,age 3+,02-May,2014,Yes,3
The Furchester Hotel,age 3+,02-May,2014,Yes,3
Astroblast,age 3+,02-May,2014,Yes,3
Molang,age 3+,02-May,2014,Yes,3
Albert & Junior,age 3+,02-May,2014,Yes,3
Zack and Quack,age 3+,02-May,2014,Yes,3
Wissper,age 3+,02-May,2014,Yes,3
Kit and Kate,age 3+,02-May,2014,Yes,3
Sheriff Callie's Wild West,age 3+,02-May,2013,No,3
Stella and Sam,age 3+,02-May,2013,No,3
Peg + Cat,age 3+,02-May,2013,No,3
Julius Jr.,age 3+,02-May,2013,No,3
PAW Patrol,age 3+,02-May,2013,No,3
Mofy,age 3+,02-May,2013,No,3
Sarah & Duck,age 3+,02-May,2013,No,3
Henry Hugglemonster,age 3+,02-May,2013,No,3
The Chica Show,age 3+,02-May,2012,No,3
Sofia the First,age 3+,02-May,2012,No,3
Toby’s Travelling Circus,age 3+,02-May,2012,No,3
Tickety Toc,age 3+,02-May,2012,No,3
Guess How Much I Love You,age 3+,02-May,2012,No,3
Dougie in Disguise,age 3+,02-May,2012,No,3
The Mooh Brothers,age 3+,02-May,2012,No,3
Care Bears: Welcome to Care-a-Lot,age 3+,02-May,2012,No,3
Maya the Bee,age 3+,02-May,2012,No,3
Zou,age 3+,02-May,2012,No,3
Justin Time,age 3+,02-May,2012,No,3
Sammy & Eve,age 3+,02-May,2012,No,3
Poppy Cat,age 3+,02-May,2011,No,3
Handy Manny Great Garage Rescue,age 3+,02-May,2011,No,3
3rd & Bird,age 3+,02-May,2011,No,3
Plim Plim,age 3+,02-May,2011,No,3
Small Potatoes,age 3+,02-May,2011,No,3
Olive the Ostrich,age 3+,02-May,2011,No,3
Pocoyo,age 3+,02-May,2011,No,3
Baby Jake,age 3+,02-May,2011,No,3
Pororo,age 3+,02-May,2011,No,3
Canimals,age 3+,02-May,2011,No,3
Jake and the Never Land Pirates,age 3+,02-May,2011,No,3
Bubble Guppies,age 3+,02-May,2011,No,3
Yum Yum & You,age 3+,02-May,2011,No,3
Babar and the Adventures of Badou,age 3+,02-May,2010,No,3
Driver Dan's Story Train,age 3+,02-May,2010,No,3
Maryoku Yummy,age 3+,02-May,2010,No,3
The WotWots,age 3+,02-May,2010,No,3
Wild Animal Baby Explorers,age 3+,02-May,2010,No,3
Bali,age 3+,02-May,2010,No,3
The Hive,age 3+,02-May,2010,No,3
Tayo the Little Bus,age 3+,02-May,2010,No,3
My Big Big Friend,age 3+,02-May,2010,No,3
The Cat in the Hat Knows a Lot About That,age 3+,02-May,2010,No,3
Chloe's Closet,age 3+,02-May,2010,No,3
Nina's Little Fables,age 3+,02-May,2010,No,3
Everything's Rosie,age 3+,02-May,2010,No,3
Team Umizoomi,age 3+,02-May,2010,No,3
Chuggington,age 3+,02-May,2010,No,3
Guess with Jess,age 3+,02-May,2009,No,3
Wibbly Pig,age 3+,02-May,2009,No,3
Jungle Junction,age 3+,02-May,2009,No,3
Noonbory and the Super 7,age 3+,02-May,2009,No,3
Angelina Ballerina: The Next Steps,age 3+,02-May,2009,No,3
Waybuloo,age 3+,02-May,2009,No,3
Roary the Racing Car,age 3+,02-May,2009,No,3
Special Agent Oso,age 3+,02-May,2009,No,3
Razzberry Jazzberry Jam,age 3+,02-May,2008,No,3
Toot & Puddle,age 3+,02-May,2008,No,3
Sammy's Story Shop,age 3+,02-May,2008,No,3
Pajanimals,age 3+,02-May,2008,No,3
GoGoRiki,age 3+,02-May,2008,No,3
Animal Mechanicals,age 3+,02-May,2008,No,3
Ava Riko Teo,age 3+,02-May,2008,No,3
Betsy's Kindergarten Adventures,age 3+,02-May,2008,No,3
SamSam,age 3+,02-May,2007,No,3
"Ni Hao, Kai-lan",age 3+,02-May,2007,No,3
Busytown Mysteries,age 3+,02-May,2007,No,3
My Friend Rabbit,age 3+,02-May,2007,No,3
Bo on the Go!,age 3+,02-May,2007,No,3
Chiro and Friends,age 3+,02-May,2007,No,3
My Friends Tigger & Pooh,age 3+,02-May,2007,No,3
Monkey See Monkey Do,age 3+,02-May,2007,No,3
Dive Olly Dive,age 3+,02-May,2006,No,3
Bigfoot Presents: Meteor and the Mighty Monster Trucks,age 3+,02-May,2006,No,3
Handy Manny,age 3+,02-May,2006,No,3
Curious George,age 3+,02-May,2006,No,3
Wow! Wow! Wubbzy!,age 3+,02-May,2006,No,3
The Wonder Pets!,age 3+,02-May,2006,No,3
Lunar Jim,age 3+,02-May,2006,No,3
"It's a Big, Big World",age 3+,02-May,2006,No,3
Boohbah,age 3+,02-May,2005,No,3
Pingu,age 3+,02-May,2005,No,3
"Go, Diego, Go",age 3+,02-May,2005,No,3
The Zula Patrol,age 3+,02-May,2005,No,3
Peppa Pig,age 3+,02-May,2005,No,3
Gerald McBoing Boing,age 3+,02-May,2005,No,3
Tickle U,age 3+,02-May,2005,No,3
JoJo's Circus: A Circus Town Wedding,age 3+,02-May,2005,No,3
Harry and His Bucketful of Dinosaurs,age 3+,02-May,2005,No,3
Higglytown Heroes,age 3+,02-May,2004,No,3
Blue's Room,age 3+,02-May,2004,No,3
Shanna's Show,age 3+,02-May,2004,No,3
Peep and the Big Wide World,age 3+,02-May,2004,No,3
Jungle Beat,age 3+,02-May,2003,No,3
The Koala Brothers,age 3+,02-May,2003,No,3
JoJo's Circus,age 3+,02-May,2003,No,3
Clifford's Puppy Days,age 3+,02-May,2003,No,3
Jakers! The Adventures of Piggley Winks,age 3+,02-May,2003,No,3
Miffy and Friends,age 3+,02-May,2003,No,3
Paz,age 3+,02-May,2003,No,3
Max and Ruby,age 3+,02-May,2003,No,3
Make Way for Noddy,age 3+,02-May,2002,No,3
Angelina Ballerina,age 3+,02-May,2002,No,3
Stanley,age 3+,02-May,2001,No,3
Oswald,age 3+,02-May,2001,No,3
Baby Looney Tunes,age 3+,02-May,2001,No,3
Clifford the Big Red Dog,age 3+,02-May,2000,No,3
Dora the Explorer,age 3+,02-May,2000,No,3
Rainbow Fish,age 3+,02-May,2000,No,3
Jim Henson's Construction Site,age 3+,02-May,1999,No,3
Pablo the Little Red Fox,age 3+,02-May,1999,No,3
Maisy,age 3+,02-May,1999,No,3
Bob the Builder,age 3+,02-May,1998,No,3
Rolie Polie Olie,age 3+,02-May,1998,No,3
Jay Jay the Jet Plane,age 3+,02-May,1998,No,3
PB&J Otter,age 3+,02-May,1998,No,3
Franklin,age 3+,02-May,1997,No,3
Bear in the Big Blue House,age 3+,02-May,1997,No,3
Breakfast with Bear,age 3+,02-May,1997,No,3
Caillou,age 3+,02-May,1997,No,3
Kipper,age 3+,02-May,1997,No,3
Blue's Clues,age 3+,02-May,1996,No,3
Little Bear,age 3+,02-May,1995,No,3
Magic Adventures of Mumfie,age 3+,02-May,1994,No,3
The Busy World of Richard Scarry,age 3+,02-May,1994,No,3
Bananas in Pyjamas,age 3+,02-May,1992,No,3
Winnie the Pooh and Christmas Too,age 3+,02-May,1991,No,3
The New Adventures of Winnie the Pooh,age 3+,02-May,1988,No,3
Fireman Sam,age 3+,02-May,1987,No,3
Thomas & Friends,age 3+,02-May,1984,No,3
Postman Pat,age 3+,02-May,1981,No,3
"Snoopy Presents: Welcome Home, Franklin",age 4+,02-May,2024,Yes,4
Mighty Bheem's Playtime,age 4+,02-May,2024,Yes,4
Catch! Teenieping,age 4+,02-May,2023,Yes,4
Chip Chilla,age 4+,02-May,2023,Yes,4
Om Nom Stories,age 4+,02-May,2023,Yes,4
Morphle 3D,age 4+,02-May,2023,Yes,4
Edmond and Lucy,age 4+,02-May,2023,Yes,4
Peppa Pig Cruise Special,age 4+,02-May,2023,Yes,4
The Enchanted Village of Pinocchio,age 4+,02-May,2023,Yes,4
Work It Out Wombats!,age 4+,02-May,2023,Yes,4
Princess Power,age 4+,02-May,2023,Yes,4
Mighty Express: Mighty Trains Race,age 4+,02-May,2022,Yes,4
Interrupting Chicken Holiday Special: A Chicken Carol,age 4+,02-May,2022,Yes,4
Action Pack Saves Christmas,age 4+,02-May,2022,Yes,4
Interrupting Chicken,age 4+,02-May,2022,Yes,4
The Eggventurers,age 4+,02-May,2022,Yes,4
Big Tree City,age 4+,02-May,2022,Yes,4
Chip and Potato: Chip's Holiday,age 4+,02-May,2022,Yes,4
Face's Music Party,age 4+,02-May,2022,Yes,4
Mighty Little Bheem: I Love Taj Majal,age 4+,02-May,2022,Yes,4
"Mira, Royal Detective: Mikku and Chikku's Hometown Mystery",age 4+,02-May,2022,Yes,4
Snoopy Presents: To Mom (and Dad) With Love,age 4+,02-May,2022,Yes,4
"Mira, Royal Detective: The Mystery of the Legendary Sword",age 4+,02-May,2022,Yes,4
The Creature Cases,age 4+,02-May,2022,Yes,4
Alice's Wonderland Bakery,age 4+,02-May,2022,Yes,4
Starbeam: Beaming in the New Year,age 4+,02-May,2021,Yes,4
Mickey and Minnie Wish Upon a Christmas,age 4+,02-May,2021,Yes,4
Mush-Mush and the Mushables,age 4+,02-May,2021,Yes,4
Thomas & Friends: All Engines Go!,age 4+,02-May,2021,Yes,4
Marvel's Spidey and His Amazing Friends,age 4+,02-May,2021,Yes,4
The Snoopy Show,age 4+,02-May,2021,Yes,4
Pui Pui Molcar,age 4+,02-May,2021,Yes,4
A Go! Go! Cory Carson Christmas,age 4+,02-May,2020,Yes,4
Baby Shark's Big Show,age 4+,02-May,2020,Yes,4
Mighty Express: A Mighty Christmas,age 4+,02-May,2020,Yes,4
Pinkfong Wonderstar,age 4+,02-May,2020,Yes,4
Chico Bon Bon and the Very Berry Holiday,age 4+,02-May,2020,Yes,4
The Three Wise Men,age 4+,02-May,2020,Yes,4
Doug Unplugs,age 4+,02-May,2020,Yes,4
Santiago of the Seas,age 4+,02-May,2020,Yes,4
Mia's Magic Playground,age 4+,02-May,2020,Yes,4
Rhyme Time Town,age 4+,02-May,2020,Yes,4
Chico Bon Bon: Monkey with a Toolbelt,age 4+,02-May,2020,Yes,4
Helpsters Help You,age 4+,02-May,2020,Yes,4
StarBeam,age 4+,02-May,2020,Yes,4
"Mira, Royal Detective",age 4+,02-May,2020,Yes,4
Mighty Little Bheem: Festival of Colors,age 4+,02-May,2020,Yes,4
Dog Loves Books,age 4+,02-May,2020,Yes,4
Pete the Cat: A Very Groovy Valentine's Day,age 4+,02-May,2020,Yes,4
Go! Go! Cory Carson,age 4+,02-May,2020,Yes,4
True: Winter Wishes,age 4+,02-May,2019,Yes,4
Forky Asks a Question,age 4+,02-May,2019,Yes,4
The Rocketeer,age 4+,02-May,2019,Yes,4
Green Eggs and Ham,age 4+,02-May,2019,Yes,4
Hello Ninja,age 4+,02-May,2019,Yes,4
True: Grabbleapple Harvest,age 4+,02-May,2019,Yes,4
Helpsters,age 4+,02-May,2019,Yes,4
Snoopy in Space,age 4+,02-May,2019,Yes,4
Mighty Little Bheem: Diwali,age 4+,02-May,2019,Yes,4
Bluey,age 4+,02-May,2019,Yes,4
Ricky Zoom,age 4+,02-May,2019,Yes,4
Norman Picklestripes,age 4+,02-May,2019,Yes,4
T.O.T.S.,age 4+,02-May,2019,Yes,4
Super Monsters Furever Friends,age 4+,02-May,2019,Yes,4
Mighty Little Bheem,age 4+,02-May,2019,Yes,4
YooHoo to the Rescue,age 4+,02-May,2019,Yes,4
Corn & Peg,age 4+,02-May,2019,Yes,4
Bubu and the Little Owls,age 4+,02-May,2019,Yes,4
True: Happy Hearts Day,age 4+,02-May,2019,Yes,4
Gigantosaurus,age 4+,02-May,2019,Yes,4
The Monchhichi Tribe,age 4+,02-May,2019,Yes,4
Abby Hatcher,age 4+,02-May,2019,Yes,4
The Doc McStuffins Christmas Special,age 4+,02-May,2018,Yes,4
"Let's Go, Luna!",age 4+,02-May,2018,Yes,4
Pete the Cat: A Very Groovy Christmas,age 4+,02-May,2018,Yes,4
Creative Galaxy: Arty's Holiday Masterpiece,age 4+,02-May,2018,Yes,4
Butterbean's Cafe,age 4+,02-May,2018,Yes,4
Rainbow Rangers,age 4+,02-May,2018,Yes,4
Becca's Bunch,age 4+,02-May,2018,Yes,4
Pete the Cat,age 4+,02-May,2018,Yes,4
The Polos,age 4+,02-May,2018,Yes,4
The Fox-Badger Family,age 4+,02-May,2018,Yes,4
True: Magical Friends,age 4+,02-May,2018,Yes,4
True: Wonderful Wishes,age 4+,02-May,2018,Yes,4
Treehouse Detectives,age 4+,02-May,2018,Yes,4
Luo Bao Bei,age 4+,02-May,2018,Yes,4
Muppet Babies,age 4+,02-May,2018,Yes,4
Pinkalicious & Peterrific,age 4+,02-May,2018,Yes,4
Llama Llama,age 4+,02-May,2018,Yes,4
Pirata and Capitano,age 4+,02-May,2018,Yes,4
Ready Jet Go!: Holidays in Boxwood Terrace,age 4+,02-May,2017,Yes,4
"Click, Clack, Moo: Christmas at the Farm",age 4+,02-May,2017,Yes,4
Top Wing,age 4+,02-May,2017,Yes,4
Marvel Super Hero Adventures,age 4+,02-May,2017,Yes,4
Super Monsters,age 4+,02-May,2017,Yes,4
WildWoods,age 4+,02-May,2017,Yes,4
The Ruff Ruffman Show,age 4+,02-May,2017,Yes,4
Rob the Robot,age 4+,02-May,2017,Yes,4
True and the Rainbow Kingdom,age 4+,02-May,2017,Yes,4
Vroomiz,age 4+,02-May,2017,Yes,4
The Ollie & Moon Show,age 4+,02-May,2017,Yes,4
Go Jetters,age 4+,02-May,2017,Yes,4
Digby Dragon,age 4+,02-May,2017,Yes,4
Mickey and the Roadster Racers,age 4+,02-May,2017,Yes,4
Mamemo Dance,age 4+,02-May,2017,Yes,4
P. King Duckling,age 4+,02-May,2016,Yes,4
Rusty Rivets,age 4+,02-May,2016,Yes,4
WellieWishers,age 4+,02-May,2016,Yes,4
Ranger Rob,age 4+,02-May,2016,Yes,4
Monster Math Squad,age 4+,02-May,2016,Yes,4
Peanuts,age 4+,02-May,2016,Yes,4
"Noddy, Toyland Detective",age 4+,02-May,2016,Yes,4
Rainbow Ruby,age 4+,02-May,2016,Yes,4
Ready Jet Go!,age 4+,02-May,2016,Yes,4
It's Unbungalievable!,age 4+,02-May,2016,Yes,4
Blaze and the Monster Machines: Race to the Top of the World,age 4+,02-May,2015,Yes,4
PJ Masks,age 4+,02-May,2015,Yes,4
Goldie & Bear,age 4+,02-May,2015,Yes,4
Fresh Beat Band of Spies,age 4+,02-May,2015,Yes,4
Fishtronaut,age 4+,02-May,2015,Yes,4
Chirp,age 4+,02-May,2015,Yes,4
"Ruff-Ruff, Tweet & Dave",age 4+,02-May,2015,Yes,4
Miles from Tomorrowland,age 4+,02-May,2015,Yes,4
Little Charmers,age 4+,02-May,2015,Yes,4
Kioka,age 4+,02-May,2015,Yes,4
Robocar Poli,age 4+,02-May,2015,Yes,4
VeggieTales in the House,age 4+,02-May,2014,Yes,4
Masha and the Bear,age 4+,02-May,2014,Yes,4
Earth to Luna,age 4+,02-May,2014,Yes,4
Oddbods,age 4+,02-May,2014,Yes,4
Tumble Leaf,age 4+,02-May,2014,Yes,4
Lily's Driftwood Bay,age 4+,02-May,2014,Yes,4
Doozers,age 4+,02-May,2014,Yes,4
Ella the Elephant,age 4+,02-May,2014,Yes,4
Wishenpoof!,age 4+,02-May,2014,Yes,4
Wallykazam!,age 4+,02-May,2014,Yes,4
Rocka-Bye Island,age 4+,02-May,2014,Yes,4
Dinopaws,age 4+,02-May,2014,Yes,4
Booba,age 4+,02-May,2014,Yes,4
Bubble Marin,age 4+,02-May,2014,Yes,4
Bubble Guppies: The Puppy and the Ring,age 4+,02-May,2013,No,4
Tree Fu Tom,age 4+,02-May,2013,No,4
Creative Galaxy,age 4+,02-May,2013,No,4
Lalaloopsy,age 4+,02-May,2013,No,4
Dibo the Gift Dragon,age 4+,02-May,2013,No,4
Peter Rabbit,age 4+,02-May,2013,No,4
Peter Rabbit's Christmas Tale,age 4+,02-May,2012,No,4
Littlest Pet Shop,age 4+,02-May,2012,No,4
Doc McStuffins,age 4+,02-May,2012,No,4
Mike the Knight,age 4+,02-May,2012,No,4
Mouk,age 4+,02-May,2011,No,4
Franklin and Friends,age 4+,02-May,2011,No,4
Tinga Tinga Tales,age 4+,02-May,2011,No,4
Strawberry Shortcake Berry Bitty Adventures,age 4+,02-May,2010,No,4
Pound Puppies,age 4+,02-May,2010,No,4
Pound Puppies,age 4+,02-May,2010,No,4
Octonauts,age 4+,02-May,2010,No,4
Guillermina and Candelario,age 4+,02-May,2010,No,4
Doodlebops Rockin' Road Show,age 4+,02-May,2010,No,4
Doki,age 4+,02-May,2009,No,4
dirtgirlworld,age 4+,02-May,2009,No,4
Pearlie,age 4+,02-May,2009,No,4
Geronimo Stilton,age 4+,02-May,2009,No,4
Olivia,age 4+,02-May,2009,No,4
The Adventures of Paddington Bear,age 4+,02-May,2008,No,4
Willa's Wild Life,age 4+,02-May,2008,No,4
Turbo Dogs,age 4+,02-May,2008,No,4
Wunderkind Little Amadeus,age 4+,02-May,2008,No,4
Loopdidoo,age 4+,02-May,2008,No,4
The Mr. Men Show,age 4+,02-May,2008,No,4
Will & Dewitt,age 4+,02-May,2007,No,4
The Land Before Time,age 4+,02-May,2007,No,4
"Me, Eloise",age 4+,02-May,2006,No,4
Eloise,age 4+,02-May,2006,No,4
Ellen's Acres,age 4+,02-May,2006,No,4
VeggieTales Presents: 3-2-1 Penguins!,age 4+,02-May,2006,No,4
Yakari,age 4+,02-May,2005,No,4
Little Einsteins,age 4+,02-May,2005,No,4
Charlie and Lola,age 4+,02-May,2005,No,4
James the Cat,age 4+,02-May,2005,No,4
Danger Rangers,age 4+,02-May,2005,No,4
ToddWorld,age 4+,02-May,2004,No,4
The Backyardigans,age 4+,02-May,2004,No,4
Miss Spider's Sunny Patch Friends,age 4+,02-May,2004,No,4
The Berenstain Bears,age 4+,02-May,2003,No,4
Save-Ums,age 4+,02-May,2003,No,4
Strawberry Shortcake,age 4+,02-May,2003,No,4
Stuart Little,age 4+,02-May,2003,No,4
Harold and the Purple Crayon,age 4+,02-May,2001,No,4
Sagwa the Chinese Siamese Cat,age 4+,02-May,2001,No,4
64 Zoo Lane,age 4+,02-May,2001,No,4
George Shrinks,age 4+,02-May,2000,No,4
Timothy Goes to School,age 4+,02-May,2000,No,4
Maggie and the Ferocious Beast,age 4+,02-May,2000,No,4
Little Bill,age 4+,02-May,1999,No,4
George and Martha,age 4+,02-May,1999,No,4
Wimzie's House,age 4+,02-May,1997,No,4
VeggieTales,age 4+,02-May,1993,No,4
Mother Goose Stories,age 4+,02-May,1990,No,4
"Dink, the Little Dinosaur",age 4+,02-May,1989,No,4
Babar,age 4+,02-May,1989,No,4
HBO Storybook Musicals,age 4+,02-May,1987,No,4
Fraggle Rock: The Animated Series,age 4+,02-May,1987,No,4
Paw Paws,age 4+,02-May,1985,No,4
Shirt Tales,age 4+,02-May,1982,No,4
The Smurfs,age 4+,02-May,1981,No,4
Laff-A-Lympics,age 4+,02-May,1977,No,4
Magilla Gorilla,age 4+,02-May,1964,No,4
Future Chicken,age 5+,02-May,2024,Yes,5
Heroes of Zero,age 5+,02-May,2024,Yes,5
Lyla in the Loop,age 5+,02-May,2024,Yes,5
Brown and Friends,age 5+,02-May,2023,Yes,5
Young David,age 5+,02-May,2023,Yes,5
Strawberry Shortcake's Perfect Holiday,age 5+,02-May,2023,Yes,5
Polly Pocket Sparkle Cove Adventure,age 5+,02-May,2023,Yes,5
Snoopy Presents: One-of-a-Kind Marcie,age 5+,02-May,2023,Yes,5
Barbie: A Touch of Magic,age 5+,02-May,2023,Yes,5
My Little Pony: Bridlewoodstock,age 5+,02-May,2023,Yes,5
Star Wars: Young Jedi Adventures,age 5+,02-May,2023,Yes,5
Bossy Bear,age 5+,02-May,2023,Yes,5
Jam Van,age 5+,02-May,2023,Yes,5
Boss Baby: Christmas Bonus,age 5+,02-May,2022,Yes,5
My Little Pony: Winter Wishday,age 5+,02-May,2022,Yes,5
Batwheels,age 5+,02-May,2022,Yes,5
Abominable and the Invisible City,age 5+,02-May,2022,Yes,5
Rosie's Rules,age 5+,02-May,2022,Yes,5
Secret Origin of the Batwheels,age 5+,02-May,2022,Yes,5
SúperEllas,age 5+,02-May,2022,Yes,5
Snoopy Presents: Lucy's School,age 5+,02-May,2022,Yes,5
Bugs Bunny Builders,age 5+,02-May,2022,Yes,5
Kung Fu Panda: The Dragon Knight,age 5+,02-May,2022,Yes,5
Baymax!,age 5+,02-May,2022,Yes,5
My Little Pony: Make Your Mark,age 5+,02-May,2022,Yes,5
Cyberchase: Buzz and the Tree,age 5+,02-May,2022,Yes,5
Barbie: It Takes Two,age 5+,02-May,2022,Yes,5
The Wonderful Spring of Mickey Mouse,age 5+,02-May,2022,Yes,5
Shaun the Sheep: The Flight Before Christmas,age 5+,02-May,2021,Yes,5
Madagascar: A Little Wild Holiday Goose Chase,age 5+,02-May,2021,Yes,5
Dragons Rescue Riders: Heroes of the Sky,age 5+,02-May,2021,Yes,5
Olaf Presents,age 5+,02-May,2021,Yes,5
Sharkdog's Fintastic Halloween,age 5+,02-May,2021,Yes,5
Strawberry Shortcake: Berry in the Big City,age 5+,02-May,2021,Yes,5
A StoryBots Space Adventure,age 5+,02-May,2021,Yes,5
Little Ellen,age 5+,02-May,2021,Yes,5
The Smurfs,age 5+,02-May,2021,Yes,5
Sharkdog,age 5+,02-May,2021,Yes,5
Dug Days,age 5+,02-May,2021,Yes,5
Chip ‘n’ Dale: Park Life,age 5+,02-May,2021,Yes,5
Monsters at Work,age 5+,02-May,2021,Yes,5
Super Sema,age 5+,02-May,2021,Yes,5
City of Ghosts,age 5+,02-May,2021,Yes,5
Mighty Little Bheem: Kite Festival,age 5+,02-May,2021,Yes,5
"Let's Go, Luna!: Luna's Christmas Around the World",age 5+,02-May,2020,Yes,5
Stillwater,age 5+,02-May,2020,Yes,5
Dragons: Rescue Riders: Huttsgalor Holiday,age 5+,02-May,2020,Yes,5
The Wonderful World of Mickey Mouse,age 5+,02-May,2020,Yes,5
An Arthur Thanksgiving,age 5+,02-May,2020,Yes,5
Once Upon a Snowman,age 5+,02-May,2020,Yes,5
Bug Diaries: Halloween Bug-a-Boo!,age 5+,02-May,2020,Yes,5
Madagascar: A Little Wild,age 5+,02-May,2020,Yes,5
Elinor Wonders Why,age 5+,02-May,2020,Yes,5
Shaun the Sheep: Adventures from Mossy Bottom,age 5+,02-May,2020,Yes,5
The Adventures of Paddington,age 5+,02-May,2020,Yes,5
Lassie (2014),age 5+,02-May,2019,Yes,5
Dragons: Rescue Riders,age 5+,02-May,2019,Yes,5
Archibald's Next Big Thing,age 5+,02-May,2019,Yes,5
Spirit Riding Free: Pony Tales,age 5+,02-May,2019,Yes,5
Where's Waldo? (2019),age 5+,02-May,2019,Yes,5
Molly of Denali,age 5+,02-May,2019,Yes,5
The Bravest Knight,age 5+,02-May,2019,Yes,5
44 Cats,age 5+,02-May,2019,Yes,5
Bug Diaries,age 5+,02-May,2019,Yes,5
Transformers: Rescue Bots Academy,age 5+,02-May,2019,Yes,5
Elf Pets: Santa's St. Bernards Save Christmas,age 5+,02-May,2018,Yes,5
Martin Morning,age 5+,02-May,2018,Yes,5
Jell-O Wobz,age 5+,02-May,2018,Yes,5
Mily Miss Questions,age 5+,02-May,2018,Yes,5
Fancy Nancy,age 5+,02-May,2018,Yes,5
Polly Pocket,age 5+,02-May,2018,Yes,5
DIY,age 5+,02-May,2018,Yes,5
Barbie Dreamhouse Adventures,age 5+,02-May,2018,Yes,5
Little Big Awesome,age 5+,02-May,2018,Yes,5
Pablo,age 5+,02-May,2018,Yes,5
Arthur and the Haunted Tree House,age 5+,02-May,2017,Yes,5
Vampirina,age 5+,02-May,2017,Yes,5
The Magic School Bus Rides Again,age 5+,02-May,2017,Yes,5
Tip the Mouse,age 5+,02-May,2017,Yes,5
Lego Elves,age 5+,02-May,2017,Yes,5
Hogie the Globehopper,age 5+,02-May,2017,Yes,5
DuckTales Shorts,age 5+,02-May,2017,Yes,5
Tangled: The Series,age 5+,02-May,2017,Yes,5
We're Lalaloopsy,age 5+,02-May,2017,Yes,5
Lamput,age 5+,02-May,2017,Yes,5
Lego Frozen Northern Lights,age 5+,02-May,2016,Yes,5
Dot.,age 5+,02-May,2016,Yes,5
Elena of Avalor,age 5+,02-May,2016,Yes,5
Bobby & Bill,age 5+,02-May,2016,Yes,5
The Floogals,age 5+,02-May,2016,Yes,5
The Lion Guard,age 5+,02-May,2016,Yes,5
The Wild Adventures of Blinky Bill,age 5+,02-May,2016,Yes,5
Vic the Viking,age 5+,02-May,2016,Yes,5
Nature Cat,age 5+,02-May,2015,Yes,5
Shaun the Sheep: The Farmer’s Llamas,age 5+,02-May,2015,Yes,5
Danger Mouse,age 5+,02-May,2015,Yes,5
Lego Friends,age 5+,02-May,2015,Yes,5
Inspector Gadget,age 5+,02-May,2015,Yes,5
Heidi,age 5+,02-May,2015,Yes,5
Rainbow Brite,age 5+,02-May,2014,Yes,5
Dora and Friends: Into the City!,age 5+,02-May,2014,Yes,5
The 7D,age 5+,02-May,2014,Yes,5
Strange Hill High,age 5+,02-May,2014,Yes,5
Mia and Me,age 5+,02-May,2014,Yes,5
The Cyberchase Movie,age 5+,02-May,2014,Yes,5
The Tom and Jerry Show,age 5+,02-May,2014,Yes,5
Space Racers,age 5+,02-May,2014,Yes,5
Shopkins,age 5+,02-May,2014,Yes,5
Mickey Mouse,age 5+,02-May,2013,No,5
Angry Birds Toons,age 5+,02-May,2013,No,5
Telmo and Tula,age 5+,02-May,2012,No,5
Rastamouse,age 5+,02-May,2011,No,5
Zig & Sharko,age 5+,02-May,2010,No,5
My Little Pony Friendship Is Magic,age 5+,02-May,2010,No,5
Pink Panther and Pals,age 5+,02-May,2010,No,5
Care Bears: Adventures in Care-A-Lot,age 5+,02-May,2007,No,5
WordGirl,age 5+,02-May,2007,No,5
Phineas and Ferb,age 5+,02-May,2007,No,5
Shaun the Sheep,age 5+,02-May,2007,No,5
Bernard,age 5+,02-May,2006,No,5
Horrid Henry,age 5+,02-May,2006,No,5
Casper's Scare School,age 5+,02-May,2006,No,5
Ruby Gloom,age 5+,02-May,2006,No,5
Shaggy and Scooby-Doo Get a Clue!,age 5+,02-May,2006,No,5
VeggieTales Presents: LarryBoy Adventures,age 5+,02-May,2006,No,5
Missy Mila Twisted Tales,age 5+,02-May,2005,No,5
Magical Do Re Mi,age 5+,02-May,2005,No,5
The Buzz on Maggie,age 5+,02-May,2005,No,5
Wapos Bay,age 5+,02-May,2005,No,5
Krypto the Superdog,age 5+,02-May,2005,No,5
Maya & Miguel,age 5+,02-May,2004,No,5
Postcards from Buster,age 5+,02-May,2004,No,5
Jacob Two-Two,age 5+,02-May,2003,No,5
Jasper the Penguin,age 5+,02-May,2003,No,5
"What's New, Scooby-Doo?",age 5+,02-May,2002,No,5
The Legend of Tarzan,age 5+,02-May,2001,No,5
Animated Tales of the World,age 5+,02-May,2001,No,5
House of Mouse,age 5+,02-May,2001,No,5
Buzz Lightyear of Star Command,age 5+,02-May,2000,No,5
101 Dalmatians,age 5+,02-May,1997,No,5
Arthur,age 5+,02-May,1996,No,5
Timon & Pumbaa,age 5+,02-May,1995,No,5
Happily Ever After: Fairy Tales for Every Child,age 5+,02-May,1995,No,5
The Magic School Bus,age 5+,02-May,1994,No,5
Aladdin,age 5+,02-May,1994,No,5
The New Adventures of Madeline,age 5+,02-May,1993,No,5
Bonkers,age 5+,02-May,1993,No,5
The Little Mermaid,age 5+,02-May,1992,No,5
Goof Troop,age 5+,02-May,1992,No,5
Shelley Duvall's Bedtime Stories,age 5+,02-May,1992,No,5
Tom and Jerry Kids Show,age 5+,02-May,1990,No,5
TaleSpin,age 5+,02-May,1990,No,5
Chip 'n Dale Rescue Rangers,age 5+,02-May,1989,No,5
A Pup Named Scooby-Doo,age 5+,02-May,1988,No,5
DuckTales,age 5+,02-May,1987,No,5
Dennis the Menace,age 5+,02-May,1986,No,5
Popples,age 5+,02-May,1986,No,5
The Flintstone Kids,age 5+,02-May,1986,No,5
Adventures of the Gummi Bears,age 5+,02-May,1985,No,5
The Snorks,age 5+,02-May,1984,No,5
Danger Mouse,age 5+,02-May,1984,No,5
The Wind in the Willows,age 5+,02-May,1983,No,5
Inspector Gadget,age 5+,02-May,1983,No,5
The Littles,age 5+,02-May,1983,No,5
Heathcliff and Marmaduke,age 5+,02-May,1981,No,5
Kwicky Koala,age 5+,02-May,1981,No,5
Richie Rich,age 5+,02-May,1980,No,5
Thundarr the Barbarian,age 5+,02-May,1980,No,5
Scooby-Doo and Scrappy-Doo,age 5+,02-May,1979,No,5
The Super Globetrotters,age 5+,02-May,1979,No,5
Captain Caveman and the Teen Angels,age 5+,02-May,1977,No,5
Dynomutt,age 5+,02-May,1976,No,5
Jabberjaw,age 5+,02-May,1976,No,5
Valley of the Dinosaurs,age 5+,02-May,1974,No,5
Hong Kong Phooey,age 5+,02-May,1974,No,5
Super Friends,age 5+,02-May,1973,No,5
Speed Buggy,age 5+,02-May,1973,No,5
The Amazing Chan and the Chan Clan,age 5+,02-May,1972,No,5
The Pebbles and Bamm-Bamm Show,age 5+,02-May,1971,No,5
Funky Phantom,age 5+,02-May,1971,No,5
Help! It's the Hair Bear Bunch!,age 5+,02-May,1971,No,5
Josie and the Pussycats,age 5+,02-May,1970,No,5
Cattanooga Cats,age 5+,02-May,1969,No,5
"Scooby-Doo, Where Are You!",age 5+,02-May,1969,No,5
The Pink Panther,age 5+,02-May,1969,No,5
The Adventures of Young Gulliver,age 5+,02-May,1968,No,5
The Impossibles,age 5+,02-May,1966,No,5
Atom Ant,age 5+,02-May,1965,No,5
Tom and Jerry,age 5+,02-May,1965,No,5
The Jetsons,age 5+,02-May,1962,No,5
Top Cat,age 5+,02-May,1961,No,5
The Yogi Bear Show,age 5+,02-May,1961,No,5
The Flintstones,age 5+,02-May,1960,No,5
Popeye,age 5+,02-May,1960,No,5
Felix the Cat,age 5+,02-May,1959,No,5
Quick Draw McGraw,age 5+,02-May,1959,No,5
Gumby,age 5+,02-May,1955,No,5
Barbie and Stacie to the Rescue,age 6+,05-Aug,2024,Yes,6
Pokémon Horizons,age 6+,05-Aug,2024,Yes,6
Hot Wheels: Let's Race,age 6+,05-Aug,2024,Yes,6
Megamind Rules!,age 6+,05-Aug,2024,Yes,6
Kibaoh Klashers,age 6+,05-Aug,2023,Yes,6
Mickey and Friends Trick or Treats,age 6+,05-Aug,2023,Yes,6
Pokémon: To Be a Pokémon Master,age 6+,05-Aug,2023,Yes,6
Lego Disney Princess: The Castle Quest,age 6+,05-Aug,2023,Yes,6
Lloyd of the Flies,age 6+,05-Aug,2023,Yes,6
Moley,age 6+,05-Aug,2023,Yes,6
Pat the Dog,age 6+,05-Aug,2023,Yes,6
Thomas & Friends: The Mystery of Lookout Mountain,age 6+,05-Aug,2023,Yes,6
Kiff,age 6+,05-Aug,2023,Yes,6
My Dad the Bounty Hunter,age 6+,05-Aug,2023,Yes,6
Sonic Prime,age 6+,05-Aug,2022,Yes,6
Gudetama: An Eggcellent Adventure,age 6+,05-Aug,2022,Yes,6
ONI: Thunder God's Tale,age 6+,05-Aug,2022,Yes,6
Cars on the Road,age 6+,05-Aug,2022,Yes,6
Arthur's First Day,age 6+,05-Aug,2022,Yes,6
Hamster & Gretel,age 6+,05-Aug,2022,Yes,6
Lego Star Wars Summer Vacation,age 6+,05-Aug,2022,Yes,6
Super Giant Robot Brothers,age 6+,05-Aug,2022,Yes,6
Chibiverse,age 6+,05-Aug,2022,Yes,6
HobbyKids Adventures,age 6+,05-Aug,2022,Yes,6
The Boss Baby: Back in the Crib,age 6+,05-Aug,2022,Yes,6
"Be Cool, Scooby Doo!",age 6+,05-Aug,2022,Yes,6
Arpo,age 6+,05-Aug,2022,Yes,6
Ice Age: Scrat Tales,age 6+,05-Aug,2022,Yes,6
Pinecone & Pony,age 6+,05-Aug,2022,Yes,6
My Little Pony: Tell Your Tale,age 6+,05-Aug,2022,Yes,6
Karma's World Music Videos,age 6+,05-Aug,2022,Yes,6
The Wonderful Winter of Mickey Mouse,age 6+,05-Aug,2022,Yes,6
We Baby Bears,age 6+,05-Aug,2022,Yes,6
Robin Robin,age 6+,05-Aug,2021,Yes,6
Harriet the Spy,age 6+,05-Aug,2021,Yes,6
Johnny Test: Ultimate Meatloaf Quest,age 6+,05-Aug,2021,Yes,6
Yabba Dabba Dinosaurs,age 6+,05-Aug,2021,Yes,6
The Patrick Star Show,age 6+,05-Aug,2021,Yes,6
Tom and Jerry in New York,age 6+,05-Aug,2021,Yes,6
Rugrats,age 6+,05-Aug,2021,Yes,6
Kamp Koral: SpongeBob's Under Years,age 6+,05-Aug,2021,Yes,6
Pixar Popcorn,age 6+,05-Aug,2021,Yes,6
TrollsTopia,age 6+,05-Aug,2020,Yes,6
Lego Star Wars Holiday Special,age 6+,05-Aug,2020,Yes,6
My Little Pony: Pony Life,age 6+,05-Aug,2020,Yes,6
The Fungies,age 6+,05-Aug,2020,Yes,6
The Epic Tale of Captain Underpants in Space,age 6+,05-Aug,2020,Yes,6
The Scooby-Doo Show,age 6+,05-Aug,2020,Yes,6
The Paper Girls Show,age 6+,05-Aug,2020,Yes,6
Toca Life Stories,age 6+,05-Aug,2020,Yes,6
Captain Underpants Epic Choice-o-Rama,age 6+,05-Aug,2020,Yes,6
Short Circuit,age 6+,05-Aug,2020,Yes,6
Nature Cat: A Nature Carol,age 6+,05-Aug,2019,Yes,6
Lego City Adventures,age 6+,05-Aug,2019,Yes,6
Rainbow Butterfly Unicorn Kitty,age 6+,05-Aug,2019,Yes,6
Morphle,age 6+,05-Aug,2019,Yes,6
Milo Murphy's Law: The Phineas and Ferb Effect,age 6+,05-Aug,2019,Yes,6
SpaceBob MerryPants,age 6+,05-Aug,2018,Yes,6
Kung Fu Panda: The Paws of Destiny,age 6+,05-Aug,2018,Yes,6
Hilda,age 6+,05-Aug,2018,Yes,6
The Epic Tales of Captain Underpants,age 6+,05-Aug,2018,Yes,6
Atchoo,age 6+,05-Aug,2018,Yes,6
Littlest Pet Shop: A World of Our Own,age 6+,05-Aug,2018,Yes,6
The Boss Baby: Back in Business,age 6+,05-Aug,2018,Yes,6
Craig of the Creek,age 6+,05-Aug,2018,Yes,6
Trolls: The Beat Goes On!,age 6+,05-Aug,2018,Yes,6
Unikitty!,age 6+,05-Aug,2018,Yes,6
Wacky Races (2017),age 6+,05-Aug,2017,Yes,6
Mission Force One: Connect and Protect,age 6+,05-Aug,2017,Yes,6
DuckTales,age 6+,05-Aug,2017,Yes,6
Wild Kratts: Alaska -- Hero's Journey,age 6+,05-Aug,2017,Yes,6
Niko and the Sword of Light,age 6+,05-Aug,2017,Yes,6
Smighties,age 6+,05-Aug,2017,Yes,6
Danger & Eggs,age 6+,05-Aug,2017,Yes,6
Dorothy & the Wizard of Oz,age 6+,05-Aug,2017,Yes,6
Barbie Dreamtopia,age 6+,05-Aug,2017,Yes,6
Cloudy with a Chance of Meatballs,age 6+,05-Aug,2017,Yes,6
Nils Holgersson,age 6+,05-Aug,2017,Yes,6
Walter & Tandoori,age 6+,05-Aug,2017,Yes,6
Marvel Funko,age 6+,05-Aug,2016,Yes,6
Lost in Oz,age 6+,05-Aug,2016,Yes,6
Grizzy and the Lemmings,age 6+,05-Aug,2016,Yes,6
Milo Murphy's Law,age 6+,05-Aug,2016,Yes,6
The ZhuZhus,age 6+,05-Aug,2016,Yes,6
Bottersnikes & Gumbles,age 6+,05-Aug,2016,Yes,6
Home: Adventures with Tip and Oh,age 6+,05-Aug,2016,Yes,6
Robin Hood: Mischief in Sherwood,age 6+,05-Aug,2016,Yes,6
The New Adventures of Peter Pan,age 6+,05-Aug,2016,Yes,6
Lego Friends: The Power of Friendship,age 6+,05-Aug,2016,Yes,6
Bat Pat,age 6+,05-Aug,2015,Yes,6
Dawn of the Croods,age 6+,05-Aug,2015,Yes,6
Insectibles,age 6+,05-Aug,2015,Yes,6
Descendants: Wicked World,age 6+,05-Aug,2015,Yes,6
Thomas Edison's Secret Lab,age 6+,05-Aug,2015,Yes,6
Da Jammies,age 6+,05-Aug,2015,Yes,6
The New Adventures of Figaro Pho,age 6+,05-Aug,2015,Yes,6
SOS Fairy Manu,age 6+,05-Aug,2015,Yes,6
Dr. Dimensionpants,age 6+,05-Aug,2015,Yes,6
Wonder Quest,age 6+,05-Aug,2015,Yes,6
Super 4,age 6+,05-Aug,2015,Yes,6
The Adventures of Puss in Boots,age 6+,05-Aug,2015,Yes,6
Pumpkin Reports,age 6+,05-Aug,2015,Yes,6
The Amazing Professor Ambrosius' Mansion,age 6+,05-Aug,2015,Yes,6
Talking Tom and Friends,age 6+,05-Aug,2014,Yes,6
LoliRock,age 6+,05-Aug,2014,Yes,6
Turbo FAST,age 6+,05-Aug,2013,No,6
Lego Star Wars: The Yoda Chronicles,age 6+,05-Aug,2013,No,6
"Dude, That's My Ghost!",age 6+,05-Aug,2013,No,6
Me and My Robot,age 6+,05-Aug,2013,No,6
Transformers Rescue Bots,age 6+,05-Aug,2012,No,6
Kung Fu Panda: Legends of Awesomeness,age 6+,05-Aug,2011,No,6
Wild Kratts,age 6+,05-Aug,2011,No,6
Cosmic Quantum Ray,age 6+,05-Aug,2010,No,6
The Twisted Whiskers Show,age 6+,05-Aug,2010,No,6
Fish Hooks,age 6+,05-Aug,2010,No,6
The Jungle Book,age 6+,05-Aug,2010,No,6
Nutri Ventures,age 6+,05-Aug,2010,No,6
Angelo Rules,age 6+,05-Aug,2010,No,6
The Garfield Show,age 6+,05-Aug,2009,No,6
Dennis and Gnasher,age 6+,05-Aug,2009,No,6
Hot Wheels: Battle Force 5,age 6+,05-Aug,2009,No,6
Pokémon: Diamond and Pearl: Galactic Battles,age 6+,05-Aug,2009,No,6
The Penguins of Madagascar,age 6+,05-Aug,2008,No,6
Tutenstein: Clash of the Pharaohs,age 6+,05-Aug,2008,No,6
Eliot Kid,age 6+,05-Aug,2008,No,6
Animalia,age 6+,05-Aug,2007,No,6
Back at the Barnyard,age 6+,05-Aug,2007,No,6
Skunk Fu!,age 6+,05-Aug,2007,No,6
Ricky Sprocket - Showbiz Boy,age 6+,05-Aug,2007,No,6
George of the Jungle,age 6+,05-Aug,2007,No,6
Magic Cellar,age 6+,05-Aug,2007,No,6
Wayside,age 6+,05-Aug,2007,No,6
Class of 3000,age 6+,05-Aug,2006,No,6
Tom and Jerry Tales,age 6+,05-Aug,2006,No,6
Team Galaxy,age 6+,05-Aug,2006,No,6
Shuriken School,age 6+,05-Aug,2006,No,6
The Replacements,age 6+,05-Aug,2006,No,6
Captain Flamingo,age 6+,05-Aug,2006,No,6
Jane and the Dragon,age 6+,05-Aug,2005,No,6
Catscratch,age 6+,05-Aug,2005,No,6
Atomic Betty,age 6+,05-Aug,2004,No,6
El Perro Y El Gato,age 6+,05-Aug,2004,No,6
Brandy and Mr. Whiskers,age 6+,05-Aug,2004,No,6
Dave the Barbarian,age 6+,05-Aug,2004,No,6
Tutenstein,age 6+,05-Aug,2003,No,6
Kenny the Shark,age 6+,05-Aug,2003,No,6
Lilo & Stitch: The Series,age 6+,05-Aug,2003,No,6
ChalkZone,age 6+,05-Aug,2002,No,6
Teamo Supremo,age 6+,05-Aug,2002,No,6
Anne of Green Gables: The Animated Series,age 6+,05-Aug,2001,No,6
Pokémon: Master Quest,age 6+,05-Aug,2001,No,6
The Fairly OddParents,age 6+,05-Aug,2001,No,6
Arthur's Perfect Christmas,age 6+,05-Aug,2000,No,6
D'Myna Leagues,age 6+,05-Aug,2000,No,6
Monster Rancher,age 6+,05-Aug,2000,No,6
Digimon: Digital Monsters,age 6+,05-Aug,1999,No,6
SpongeBob SquarePants,age 6+,05-Aug,1999,No,6
Oggy and the Cockroaches,age 6+,05-Aug,1998,No,6
Pokémon,age 6+,05-Aug,1998,No,6
The Weird Al Show,age 6+,05-Aug,1997,No,6
Pinky and the Brain,age 6+,05-Aug,1995,No,6
Hercules,age 6+,05-Aug,1995,No,6
Aaahh!!! Real Monsters,age 6+,05-Aug,1994,No,6
2 Stupid Dogs,age 6+,05-Aug,1993,No,6
Fievel's American Tales,age 6+,05-Aug,1992,No,6
Darkwing Duck,age 6+,05-Aug,1991,No,6
Doug,age 6+,05-Aug,1991,No,6
Rugrats,age 6+,05-Aug,1991,No,6
Bobby's World,age 6+,05-Aug,1990,No,6
The Legend of Zelda,age 6+,05-Aug,1989,No,6
Garfield and Friends,age 6+,05-Aug,1988,No,6
My Little Pony 'n Friends,age 6+,05-Aug,1986,No,6
The Dukes,age 6+,05-Aug,1983,No,6
Spider-Man and His Amazing Friends,age 6+,05-Aug,1981,No,6
Inch High Private Eye,age 6+,05-Aug,1973,No,6
Fat Albert and the Cosby Kids,age 6+,05-Aug,1972,No,6
Dastardly and Muttley,age 6+,05-Aug,1969,No,6
The Perils of Penelope Pitstop,age 6+,05-Aug,1969,No,6
Wacky Races,age 6+,05-Aug,1968,No,6
Speed Racer,age 6+,05-Aug,1967,No,6
Aquaman,age 6+,05-Aug,1967,No,6
The Herculoids,age 6+,05-Aug,1967,No,6
Batfink,age 6+,05-Aug,1966,No,6
Jonny Quest,age 6+,05-Aug,1964,No,6
Huckleberry Hound,age 6+,05-Aug,1958,No,6
Craig Before the Creek,age 7+,05-Aug,2023,Yes,7
Ninjago: Dragons Rising,age 7+,05-Aug,2023,Yes,7
SpongeBob Square Pants Presents The Tidal Zone,age 7+,05-Aug,2023,Yes,7
Reindeer in Here,age 7+,05-Aug,2022,Yes,7
Monster High,age 7+,05-Aug,2022,Yes,7
The Fairly OddParents: Fairly Odder,age 7+,05-Aug,2022,Yes,7
Looney Tunes Cartoons Valentine's Extwavaganza,age 7+,05-Aug,2022,Yes,7
The Guava Juice Show,age 7+,05-Aug,2021,Yes,7
Supa Strikas: Rookie Season,age 7+,05-Aug,2021,Yes,7
Star Trek: Prodigy,age 7+,05-Aug,2021,Yes,7
Karma's World,age 7+,05-Aug,2021,Yes,7
Lego Star Wars Terrifying Tales,age 7+,05-Aug,2021,Yes,7
The Ghost and Molly McGee,age 7+,05-Aug,2021,Yes,7
Looney Tunes Cartoons Back to School Special,age 7+,05-Aug,2021,Yes,7
Descendants: The Royal Wedding,age 7+,05-Aug,2021,Yes,7
Johnny Test (2021),age 7+,05-Aug,2021,Yes,7
Middlemost Post,age 7+,05-Aug,2021,Yes,7
Ewoks,age 7+,05-Aug,2021,Yes,7
Onyx Monster Mysteries,age 7+,05-Aug,2020,Yes,7
Animaniacs,age 7+,05-Aug,2020,Yes,7
Marvel Battleworld: Mystery of the Thanostones,age 7+,05-Aug,2020,Yes,7
Looney Tunes Cartoons,age 7+,05-Aug,2020,Yes,7
Ollie's Pack,age 7+,05-Aug,2020,Yes,7
Carmen Sandiego: To Steal or Not to Steal,age 7+,05-Aug,2020,Yes,7
101 Dalmatian Street,age 7+,05-Aug,2020,Yes,7
Deer Squad,age 7+,05-Aug,2020,Yes,7
It's Pony,age 7+,05-Aug,2020,Yes,7
Kipo and the Age of Wonderbeasts,age 7+,05-Aug,2020,Yes,7
Mr. Magoo (2019),age 7+,05-Aug,2019,Yes,7
Max & Maestro,age 7+,05-Aug,2019,Yes,7
Spirit Riding Free: Spirit of Christmas,age 7+,05-Aug,2019,Yes,7
Dino Girl Gauko,age 7+,05-Aug,2019,Yes,7
L.O.L. Surprise! Winter Disco,age 7+,05-Aug,2019,Yes,7
The Casagrandes,age 7+,05-Aug,2019,Yes,7
Lego Jurassic World: Legend of Isla Nublar,age 7+,05-Aug,2019,Yes,7
Middle School Moguls,age 7+,05-Aug,2019,Yes,7
Mighty Mike,age 7+,05-Aug,2019,Yes,7
SpongeBob's Big Birthday Blowout,age 7+,05-Aug,2019,Yes,7
Scooby-Doo and Guess Who?,age 7+,05-Aug,2019,Yes,7
Victor and Valentino,age 7+,05-Aug,2019,Yes,7
Care Bears: Unlock the Magic,age 7+,05-Aug,2019,Yes,7
Carmen Sandiego,age 7+,05-Aug,2019,Yes,7
Marvel Rising: Chasing Ghosts,age 7+,05-Aug,2019,Yes,7
Young Justice: Outsiders,age 7+,05-Aug,2019,Yes,7
Pinky Malinky,age 7+,05-Aug,2019,Yes,7
Lego Star Wars: All Stars,age 7+,05-Aug,2018,Yes,7
Star Wars Resistance,age 7+,05-Aug,2018,Yes,7
Marvel Rising: Secret Warriors,age 7+,05-Aug,2018,Yes,7
Rise of the Teenage Mutant Ninja Turtles,age 7+,05-Aug,2018,Yes,7
Total DramaRama,age 7+,05-Aug,2018,Yes,7
Transformers: Cyberverse,age 7+,05-Aug,2018,Yes,7
Lego Ninjago: Masters of Spinjitzu: Hunted,age 7+,05-Aug,2018,Yes,7
Marvel Rising: Initiation,age 7+,05-Aug,2018,Yes,7
Cupcake and Dino -- General Services,age 7+,05-Aug,2018,Yes,7
Harvey Street Kids,age 7+,05-Aug,2018,Yes,7
Big City Greens,age 7+,05-Aug,2018,Yes,7
Legend of the Three Caballeros,age 7+,05-Aug,2018,Yes,7
Lego Ninjago: Masters of Spinjitzu: Possession,age 7+,05-Aug,2018,Yes,7
Nate Is Late,age 7+,05-Aug,2018,Yes,7
Spy Kids: Mission Critical,age 7+,05-Aug,2018,Yes,7
Apple & Onion,age 7+,05-Aug,2018,Yes,7
The Adventures of Kid Danger,age 7+,05-Aug,2018,Yes,7
JingleKids,age 7+,05-Aug,2017,Yes,7
Big Hero 6,age 7+,05-Aug,2017,Yes,7
Stretch Armstrong and the Flex Fighters,age 7+,05-Aug,2017,Yes,7
Pokémon: Sun and Moon,age 7+,05-Aug,2017,Yes,7
Zak Storm,age 7+,05-Aug,2017,Yes,7
Robotia,age 7+,05-Aug,2017,Yes,7
Mysticons,age 7+,05-Aug,2017,Yes,7
Marvel's Spider-Man,age 7+,05-Aug,2017,Yes,7
Glitter Force Doki Doki,age 7+,05-Aug,2017,Yes,7
Welcome to the Wayne,age 7+,05-Aug,2017,Yes,7
Kody Kapow,age 7+,05-Aug,2017,Yes,7
Hotel Transylvania: The Series,age 7+,05-Aug,2017,Yes,7
Puss in Book: Trapped in an Epic Tale,age 7+,05-Aug,2017,Yes,7
Billy Dilley's Super-Duper Subterranean Summer,age 7+,05-Aug,2017,Yes,7
Spirit Riding Free,age 7+,05-Aug,2017,Yes,7
Lego Ninjago: Masters of Spinjitzu: The Hands of Time,age 7+,05-Aug,2017,Yes,7
Fruit Ninja Frenzy Force,age 7+,05-Aug,2017,Yes,7
Kings of Atlantis,age 7+,05-Aug,2017,Yes,7
Marvel's Rocket & Groot,age 7+,05-Aug,2017,Yes,7
Legend Quest,age 7+,05-Aug,2017,Yes,7
Bunsen Is a Beast,age 7+,05-Aug,2017,Yes,7
"Ronja, the Robber's Daughter",age 7+,05-Aug,2017,Yes,7
Hanazuki: Full of Treasures,age 7+,05-Aug,2017,Yes,7
My Knight and Me,age 7+,05-Aug,2016,Yes,7
Skylanders Academy,age 7+,05-Aug,2016,Yes,7
Kuu Kuu Harajuku,age 7+,05-Aug,2016,Yes,7
Mighty Magiswords,age 7+,05-Aug,2016,Yes,7
Right Now Kapow,age 7+,05-Aug,2016,Yes,7
Regal Academy,age 7+,05-Aug,2016,Yes,7
Looped,age 7+,05-Aug,2016,Yes,7
Zorro: The Chronicles,age 7+,05-Aug,2016,Yes,7
Atomic Puppet,age 7+,05-Aug,2016,Yes,7
Lego Star Wars: The Freemaker Adventures,age 7+,05-Aug,2016,Yes,7
SpacePOP,age 7+,05-Aug,2016,Yes,7
Counterfeit Cat,age 7+,05-Aug,2016,Yes,7
Lego Ninjago: Masters of Spinjitzu: Skybound,age 7+,05-Aug,2016,Yes,7
The Deep,age 7+,05-Aug,2016,Yes,7
Lego Bionicle: The Journey to One,age 7+,05-Aug,2016,Yes,7
Bunnicula,age 7+,05-Aug,2016,Yes,7
Supernoobs,age 7+,05-Aug,2016,Yes,7
OK K.O.! Let's Be Heroes,age 7+,05-Aug,2016,Yes,7
Lego Nexo Knights,age 7+,05-Aug,2015,Yes,7
The O.W.C.A. Files,age 7+,05-Aug,2015,Yes,7
Little Witch Academia,age 7+,05-Aug,2015,Yes,7
The Mr. Peabody & Sherman Show,age 7+,05-Aug,2015,Yes,7
DC Super Hero Girls,age 7+,05-Aug,2015,Yes,7
Star Darlings,age 7+,05-Aug,2015,Yes,7
Wabbit,age 7+,05-Aug,2015,Yes,7
Miraculous: Tales of Ladybug & Cat Noir,age 7+,05-Aug,2015,Yes,7
Dinotrux,age 7+,05-Aug,2015,Yes,7
Alvinnn!!! and the Chipmunks,age 7+,05-Aug,2015,Yes,7
Pig Goat Banana Cricket,age 7+,05-Aug,2015,Yes,7
Lego Star Wars: Droid Tales,age 7+,05-Aug,2015,Yes,7
H2O: Mermaid Adventures,age 7+,05-Aug,2015,Yes,7
Harvey Beaks,age 7+,05-Aug,2015,Yes,7
Lego Ninjago: Masters of Spinjitzu: The Tournament of Elements,age 7+,05-Aug,2015,Yes,7
Star vs. the Forces of Evil,age 7+,05-Aug,2015,Yes,7
Larva,age 7+,05-Aug,2015,Yes,7
Best Sports Ever!,age 7+,05-Aug,2014,Yes,7
All Hail King Julien,age 7+,05-Aug,2014,Yes,7
Penn Zero: Part-Time Hero,age 7+,05-Aug,2014,Yes,7
Sonic Boom,age 7+,05-Aug,2014,Yes,7
Lego: Batman Be-Leaguered,age 7+,05-Aug,2014,Yes,7
Teenage Fairytale Dropouts,age 7+,05-Aug,2014,Yes,7
Breadwinners,age 7+,05-Aug,2014,Yes,7
Wendy,age 7+,05-Aug,2013,No,7
B-Daman Crossfire,age 7+,05-Aug,2013,No,7
Wander Over Yonder,age 7+,05-Aug,2013,No,7
Rabbids Invasion,age 7+,05-Aug,2013,No,7
Camp Lakebottom,age 7+,05-Aug,2013,No,7
Crafty Kids Club,age 7+,05-Aug,2013,No,7
Pac-Man and the Ghostly Adventures,age 7+,05-Aug,2013,No,7
Teen Titans Go!,age 7+,05-Aug,2013,No,7
Monsters vs. Aliens,age 7+,05-Aug,2013,No,7
Legends of Chima,age 7+,05-Aug,2013,No,7
Rocket Monkeys,age 7+,05-Aug,2013,No,7
Robot and Monster,age 7+,05-Aug,2012,No,7
Slugterra,age 7+,05-Aug,2012,No,7
Dinofroz,age 7+,05-Aug,2012,No,7
Matt Hatter Chronicles,age 7+,05-Aug,2012,No,7
Wild Grinders,age 7+,05-Aug,2012,No,7
Ultimate Spider-Man,age 7+,05-Aug,2012,No,7
The Aquabats! Super Show!,age 7+,05-Aug,2012,No,7
Glitter Force,age 7+,05-Aug,2012,No,7
Barbie: Life in the Dreamhouse,age 7+,05-Aug,2012,No,7
Motu Patlu,age 7+,05-Aug,2012,No,7
Groove High,age 7+,05-Aug,2012,No,7
Archie's Funhouse,age 7+,05-Aug,2011,No,7
Rated A for Awesome,age 7+,05-Aug,2011,No,7
Scaredy Squirrel,age 7+,05-Aug,2011,No,7
LEGO Ninjago: Masters of Spinjitzu,age 7+,05-Aug,2011,No,7
Martha and Friends,age 7+,05-Aug,2010,No,7
Sabrina's Secret Life,age 7+,05-Aug,2010,No,7
Metajets,age 7+,05-Aug,2010,No,7
Planet Sheen,age 7+,05-Aug,2010,No,7
NFL Rush Zone,age 7+,05-Aug,2010,No,7
Scan2Go,age 7+,05-Aug,2010,No,7
Pokémon: Diamond and Pearl: Sinnoh League Victors,age 7+,05-Aug,2010,No,7
Scooby-Doo! Mystery Incorporated,age 7+,05-Aug,2010,No,7
Hero: 108,age 7+,05-Aug,2010,No,7
Contraptus,age 7+,05-Aug,2009,No,7
Shelldon,age 7+,05-Aug,2009,No,7
Fanboy and Chum Chum,age 7+,05-Aug,2009,No,7
Gormiti,age 7+,05-Aug,2009,No,7
The Super Hero Squad Show,age 7+,05-Aug,2009,No,7
The League of Super Evil,age 7+,05-Aug,2009,No,7
RollBots,age 7+,05-Aug,2009,No,7
Kid vs. Kat,age 7+,05-Aug,2008,No,7
The Minimighty Kids,age 7+,05-Aug,2008,No,7
The Marvelous Misadventures of Flapjack,age 7+,05-Aug,2008,No,7
Monster Buster Club,age 7+,05-Aug,2008,No,7
Speed Racer: The Next Generation,age 7+,05-Aug,2008,No,7
The Mighty B!,age 7+,05-Aug,2008,No,7
Pokémon: Diamond and Pearl: Battle Dimension,age 7+,05-Aug,2008,No,7
World of Quest,age 7+,05-Aug,2008,No,7
The Spectacular Spider-Man,age 7+,05-Aug,2008,No,7
Supa Strikas,age 7+,05-Aug,2008,No,7
Freefonix,age 7+,05-Aug,2008,No,7
Foster's Home for Imaginary Friends: Destination Imagination,age 7+,05-Aug,2008,No,7
Master Raindrop,age 7+,05-Aug,2008,No,7
Dino Squad,age 7+,05-Aug,2007,No,7
Sushi Pack,age 7+,05-Aug,2007,No,7
Chowder,age 7+,05-Aug,2007,No,7
Magi-Nation,age 7+,05-Aug,2007,No,7
Tak and the Power of Juju,age 7+,05-Aug,2007,No,7
Tai Chi Chasers,age 7+,05-Aug,2007,No,7
Pokémon: Diamond and Pearl,age 7+,05-Aug,2007,No,7
El Tigre: The Adventures of Manny Rivera,age 7+,05-Aug,2007,No,7
Grossology,age 7+,05-Aug,2007,No,7
I Got a Rocket,age 7+,05-Aug,2006,No,7
Chaotic,age 7+,05-Aug,2006,No,7
Yin Yang Yo!,age 7+,05-Aug,2006,No,7
Legion of Super Heroes,age 7+,05-Aug,2006,No,7
Horseland,age 7+,05-Aug,2006,No,7
The Secret Show,age 7+,05-Aug,2006,No,7
Growing Up Creepie,age 7+,05-Aug,2006,No,7
Viva Pinata,age 7+,05-Aug,2006,No,7
Pokémon Chronicles,age 7+,05-Aug,2006,No,7
Squirrel Boy,age 7+,05-Aug,2006,No,7
Spider Riders,age 7+,05-Aug,2006,No,7
The Emperor's New School,age 7+,05-Aug,2006,No,7
Cedric,age 7+,05-Aug,2005,No,7
Monster Allergy,age 7+,05-Aug,2005,No,7
Johnny Test,age 7+,05-Aug,2005,No,7
Coconut Fred's Fruit Salad Island,age 7+,05-Aug,2005,No,7
Loonatics: Unleashed,age 7+,05-Aug,2005,No,7
Captain Planet and the Planeteers,age 7+,05-Aug,2005,No,7
Time Warp Trio,age 7+,05-Aug,2005,No,7
Camp Lazlo,age 7+,05-Aug,2005,No,7
Dragon Booster,age 7+,05-Aug,2004,No,7
Tracey McBean,age 7+,05-Aug,2004,No,7
Super Robot Monkey Team Hyperforce Go!,age 7+,05-Aug,2004,No,7
Foster's Home for Imaginary Friends,age 7+,05-Aug,2004,No,7
Justice League Unlimited,age 7+,05-Aug,2004,No,7
My Dad the Rock Star,age 7+,05-Aug,2003,No,7
Duck Dodgers,age 7+,05-Aug,2003,No,7
All Grown Up,age 7+,05-Aug,2003,No,7
Teenage Mutant Ninja Turtles,age 7+,05-Aug,2003,No,7
Ultimate Muscle: The Kinnikuman Legacy,age 7+,05-Aug,2002,No,7
Kirby: Right Back at Ya!,age 7+,05-Aug,2002,No,7
Mucha Lucha!,age 7+,05-Aug,2002,No,7
He-Man and the Masters of the Universe (2002),age 7+,05-Aug,2002,No,7
The Adventures of Jimmy Neutron,age 7+,05-Aug,2002,No,7
Jacques Cousteau's Ocean Tales,age 7+,05-Aug,2002,No,7
The Future Is Wild,age 7+,05-Aug,2002,No,7
The Tick,age 7+,05-Aug,2001,No,7
The Mummy: The Animated Series,age 7+,05-Aug,2001,No,7
Mary-Kate and Ashley in Action!,age 7+,05-Aug,2001,No,7
The Proud Family,age 7+,05-Aug,2001,No,7
Cubix,age 7+,05-Aug,2001,No,7
Lloyd in Space,age 7+,05-Aug,2001,No,7
Beyblade,age 7+,05-Aug,2001,No,7
X-Men: Evolution,age 7+,05-Aug,2000,No,7
As Told by Ginger,age 7+,05-Aug,2000,No,7
Static Shock,age 7+,05-Aug,2000,No,7
Kong: The Animated Series,age 7+,05-Aug,2000,No,7
NASCAR Racers,age 7+,05-Aug,1999,No,7
"Mike, Lu & Og",age 7+,05-Aug,1999,No,7
Rescue Heroes,age 7+,05-Aug,1999,No,7
Sabrina: The Animated Series,age 7+,05-Aug,1999,No,7
Rocket Power,age 7+,05-Aug,1999,No,7
The Wild Thornberrys,age 7+,05-Aug,1998,No,7
CatDog,age 7+,05-Aug,1998,No,7
Recess,age 7+,05-Aug,1997,No,7
Johnny Bravo,age 7+,05-Aug,1997,No,7
The Angry Beavers,age 7+,05-Aug,1997,No,7
KaBlam!,age 7+,05-Aug,1996,No,7
Hey Arnold!,age 7+,05-Aug,1996,No,7
Jumanji: The Animated Series,age 7+,05-Aug,1996,No,7
The Incredible Hulk (1996),age 7+,05-Aug,1996,No,7
Superman: The Animated Series,age 7+,05-Aug,1996,No,7
Dexter's Laboratory,age 7+,05-Aug,1996,No,7
The Sylvester & Tweety Mysteries,age 7+,05-Aug,1995,No,7
Iron Man (1994),age 7+,05-Aug,1994,No,7
Street Sharks,age 7+,05-Aug,1994,No,7
Where on Earth Is Carmen Sandiego?,age 7+,05-Aug,1994,No,7
Animaniacs,age 7+,05-Aug,1993,No,7
SWAT Kats: The Radical Squadron,age 7+,05-Aug,1993,No,7
The Adventures of Sonic the Hedgehog,age 7+,05-Aug,1993,No,7
X-Men,age 7+,05-Aug,1992,No,7
ToonHeads,age 7+,05-Aug,1992,No,7
Conan the Adventurer,age 7+,05-Aug,1992,No,7
The Addams Family (Animated TV Series),age 7+,05-Aug,1992,No,7
Casper & Friends,age 7+,05-Aug,1990,No,7
Tiny Toon Adventures,age 7+,05-Aug,1990,No,7
Super Mario Bros. Super Show,age 7+,05-Aug,1989,No,7
Bravestarr,age 7+,05-Aug,1987,No,7
The Adventures of the Galaxy Rangers,age 7+,05-Aug,1986,No,7
The Real Ghostbusters,age 7+,05-Aug,1986,No,7
Ghostbusters: The Animated Series,age 7+,05-Aug,1986,No,7
She-Ra: Princess of Power,age 7+,05-Aug,1985,No,7
Robotech,age 7+,05-Aug,1985,No,7
ThunderCats (1980s),age 7+,05-Aug,1985,No,7
Voltron: Lion Force,age 7+,05-Aug,1984,No,7
Voltron,age 7+,05-Aug,1984,No,7
Heathcliff,age 7+,05-Aug,1984,No,7
He-Man and the Masters of the Universe,age 7+,05-Aug,1983,No,7
Spider-Man (1981 TV Show),age 7+,05-Aug,1981,No,7
Spider-Woman,age 7+,05-Aug,1979,No,7
The Story of the Faithful Wookiee,age 7+,05-Aug,1978,No,7
The Archie Show,age 7+,05-Aug,1968,No,7
The Secret Squirrel Show,age 7+,05-Aug,1965,No,7
Underdog,age 7+,05-Aug,1964,No,7
Astro Boy (1960s),age 7+,05-Aug,1963,No,7
Looney Tunes,age 7+,05-Aug,1930,No,7
Zuhu Ka Zalzala,age 8+,05-Aug,2024,Yes,8
Iwájú,age 8+,05-Aug,2024,Yes,8
Rock Paper Scissors,age 8+,05-Aug,2024,Yes,8
Pokémon Concierge,age 8+,05-Aug,2023,Yes,8
The Heroic Quest of the Valiant Prince Ivandoe,age 8+,05-Aug,2023,Yes,8
Unicorn Academy,age 8+,05-Aug,2023,Yes,8
Lego Marvel Avengers: Code Red,age 8+,05-Aug,2023,Yes,8
Elemon,age 8+,05-Aug,2023,Yes,8
Tiny Toons Looniversity,age 8+,05-Aug,2023,Yes,8
Zombies: The Re-Animated Series Shorts,age 8+,05-Aug,2023,Yes,8
Supa Team 4,age 8+,05-Aug,2023,Yes,8
My Adventures with Superman,age 8+,05-Aug,2023,Yes,8
"Wake Up, Carlo!",age 8+,05-Aug,2023,Yes,8
Kizazi Moto: Generation Fire,age 8+,05-Aug,2023,Yes,8
Hailey's On It!,age 8+,05-Aug,2023,Yes,8
Gremlins: Secrets of the Mogwai,age 8+,05-Aug,2023,Yes,8
Kitti Katz,age 8+,05-Aug,2023,Yes,8
We Lost Our Human,age 8+,05-Aug,2023,Yes,8
Karate Sheep,age 8+,05-Aug,2023,Yes,8
Mighty Ducks: The Animated Series,age 8+,05-Aug,2023,Yes,8
Quack Pack,age 8+,05-Aug,2023,Yes,8
Fantastic Four: World's Greatest Heroes,age 8+,05-Aug,2023,Yes,8
Marvel's Avengers Secret Wars Shorts,age 8+,05-Aug,2023,Yes,8
Marvel's Moon Girl and Devil Dinosaur,age 8+,05-Aug,2023,Yes,8
The Wingfeather Saga,age 8+,05-Aug,2022,Yes,8
Jurassic World Camp Cretaceous: Hidden Adventure,age 8+,05-Aug,2022,Yes,8
Transformers: EarthSpark,age 8+,05-Aug,2022,Yes,8
Zootopia+,age 8+,05-Aug,2022,Yes,8
The Nutty Boy,age 8+,05-Aug,2022,Yes,8
Minions & More,age 8+,05-Aug,2022,Yes,8
Battle Kitty,age 8+,05-Aug,2022,Yes,8
Transformers: BotBots,age 8+,05-Aug,2022,Yes,8
The Cuphead Show!,age 8+,05-Aug,2022,Yes,8
Big Nate,age 8+,05-Aug,2022,Yes,8
Angry Birds: Summer Madness,age 8+,05-Aug,2022,Yes,8
El Deafo,age 8+,05-Aug,2022,Yes,8
Dragons: The Nine Realms,age 8+,05-Aug,2021,Yes,8
5 More Sleeps 'Til Christmas,age 8+,05-Aug,2021,Yes,8
Aquaman: King of Atlantis,age 8+,05-Aug,2021,Yes,8
Wolfboy and the Everything Factory,age 8+,05-Aug,2021,Yes,8
The Croods: Family Tree,age 8+,05-Aug,2021,Yes,8
He-Man and the Masters of the Universe,age 8+,05-Aug,2021,Yes,8
Lego Monkie Kid,age 8+,05-Aug,2021,Yes,8
Pepper Ann,age 8+,05-Aug,2021,Yes,8
Centaurworld,age 8+,05-Aug,2021,Yes,8
Adventure Time: Distant Lands - Together Again,age 8+,05-Aug,2021,Yes,8
The Fury Files,age 8+,05-Aug,2021,Yes,8
Elliott from Earth,age 8+,05-Aug,2021,Yes,8
Kid Cosmic,age 8+,05-Aug,2021,Yes,8
Squish,age 8+,05-Aug,2021,Yes,8
Spirit Riding Free: Ride Along Adventure,age 8+,05-Aug,2020,Yes,8
Captain Underpants: Mega Blissmas,age 8+,05-Aug,2020,Yes,8
Bugs Bunny's 24 Carrot Holiday Special,age 8+,05-Aug,2020,Yes,8
The Mighty Ones,age 8+,05-Aug,2020,Yes,8
Zombies: Addison's Moonstone Mystery,age 8+,05-Aug,2020,Yes,8
Rainbow High,age 8+,05-Aug,2020,Yes,8
Alien TV,age 8+,05-Aug,2020,Yes,8
Adventure Time: Distant Lands - BMO,age 8+,05-Aug,2020,Yes,8
Xavier Riddle and the Secret Movie: I Am Madam President,age 8+,05-Aug,2020,Yes,8
Glitch Techs,age 8+,05-Aug,2020,Yes,8
ThunderCats Roar!,age 8+,05-Aug,2020,Yes,8
The Owl House,age 8+,05-Aug,2020,Yes,8
Costume Quest: Heroes on Holiday,age 8+,05-Aug,2019,Yes,8
Xavier Riddle and the Secret Museum,age 8+,05-Aug,2019,Yes,8
Super Dinosaur,age 8+,05-Aug,2019,Yes,8
Power Players,age 8+,05-Aug,2019,Yes,8
Invader Zim: Enter the Florpus,age 8+,05-Aug,2019,Yes,8
Twelve Forever,age 8+,05-Aug,2019,Yes,8
Mao Mao: Heroes of Pure Heart,age 8+,05-Aug,2019,Yes,8
Amphibia,age 8+,05-Aug,2019,Yes,8
DC Super Hero Girls,age 8+,05-Aug,2019,Yes,8
Costume Quest,age 8+,05-Aug,2019,Yes,8
Bakugan: Battle Planet,age 8+,05-Aug,2019,Yes,8
She-Ra and the Princesses of Power,age 8+,05-Aug,2018,Yes,8
Minecraft: Story Mode,age 8+,05-Aug,2018,Yes,8
Mega Man: Fully Charged,age 8+,05-Aug,2018,Yes,8
The Adventures of Rocky and Bullwinkle,age 8+,05-Aug,2018,Yes,8
Michael Jackson's Halloween,age 8+,05-Aug,2017,Yes,8
Powerpuff Girls: Power of Four,age 8+,05-Aug,2017,Yes,8
Lego Elves: Secrets of Elvendale,age 8+,05-Aug,2017,Yes,8
Star Wars: Forces of Destiny,age 8+,05-Aug,2017,Yes,8
DanTDM Creates a Big Scene,age 8+,05-Aug,2017,Yes,8
Edgar Rice Burroughs' Tarzan and Jane,age 8+,05-Aug,2017,Yes,8
Beyblade Burst,age 8+,05-Aug,2016,Yes,8
Ben 10 (2016),age 8+,05-Aug,2016,Yes,8
Kulipari: An Army of Frogs,age 8+,05-Aug,2016,Yes,8
Future-Worm!,age 8+,05-Aug,2016,Yes,8
Voltron: Legendary Defender,age 8+,05-Aug,2016,Yes,8
The Loud House,age 8+,05-Aug,2016,Yes,8
Kong: King of the Apes,age 8+,05-Aug,2016,Yes,8
The Powerpuff Girls (2016),age 8+,05-Aug,2016,Yes,8
We Bare Bears,age 8+,05-Aug,2015,Yes,8
Marvel's Guardians of the Galaxy,age 8+,05-Aug,2015,Yes,8
The Day My Butt Went Psycho,age 8+,05-Aug,2015,Yes,8
Dragons: Race to the Edge,age 8+,05-Aug,2015,Yes,8
Two More Eggs,age 8+,05-Aug,2015,Yes,8
Thunderbirds Are Go,age 8+,05-Aug,2015,Yes,8
Transformers: Robots in Disguise,age 8+,05-Aug,2015,Yes,8
Qumi-Qumi,age 8+,05-Aug,2015,Yes,8
Over the Garden Wall,age 8+,05-Aug,2014,Yes,8
Star Wars Rebels,age 8+,05-Aug,2014,Yes,8
LBX: Little Battlers Experience,age 8+,05-Aug,2014,Yes,8
Miniforce,age 8+,05-Aug,2014,Yes,8
Ever After High,age 8+,05-Aug,2014,Yes,8
Mind-Blowing Breakthroughs,age 8+,05-Aug,2014,Yes,8
The Powerpuff Girls: Dance Pantsed,age 8+,05-Aug,2014,Yes,8
Sabrina: Secrets of a Teenage Witch,age 8+,05-Aug,2013,No,8
Gravity Falls Shorts,age 8+,05-Aug,2013,No,8
Uncle Grandpa,age 8+,05-Aug,2013,No,8
Marvel's Avengers Assemble,age 8+,05-Aug,2013,No,8
Max Steel,age 8+,05-Aug,2013,No,8
SheZow,age 8+,05-Aug,2012,No,8
BeyWheelz,age 8+,05-Aug,2012,No,8
Teenage Mutant Ninja Turtles,age 8+,05-Aug,2012,No,8
Dragons: Riders of Berk,age 8+,05-Aug,2012,No,8
Gravity Falls,age 8+,05-Aug,2012,No,8
Kaijudo: Rise of the Duel Masters,age 8+,05-Aug,2012,No,8
The Legend of Korra,age 8+,05-Aug,2012,No,8
Green Lantern: The Animated Series,age 8+,05-Aug,2012,No,8
Monsuno,age 8+,05-Aug,2012,No,8
Dream Defenders,age 8+,05-Aug,2011,No,8
Redakai: Conquer the Kairu,age 8+,05-Aug,2011,No,8
Voltron Force,age 8+,05-Aug,2011,No,8
The Amazing World of Gumball,age 8+,05-Aug,2011,No,8
The Looney Tunes Show,age 8+,05-Aug,2011,No,8
Almost Naked Animals,age 8+,05-Aug,2011,No,8
Young Justice,age 8+,05-Aug,2011,No,8
Transformers Prime,age 8+,05-Aug,2010,No,8
G.I. Joe Renegades,age 8+,05-Aug,2010,No,8
Zevo-3,age 8+,05-Aug,2010,No,8
T.U.F.F. Puppy,age 8+,05-Aug,2010,No,8
The Avengers: Earth's Mightiest Heroes,age 8+,05-Aug,2010,No,8
Sym-Bionic Titan,age 8+,05-Aug,2010,No,8
GGO Football,age 8+,05-Aug,2010,No,8
Monster High,age 8+,05-Aug,2010,No,8
Kick Buttowski: Suburban Daredevil,age 8+,05-Aug,2010,No,8
Iron Man: Armored Adventures,age 8+,05-Aug,2009,No,8
Beyblade: Metal Fusion,age 8+,05-Aug,2009,No,8
The Amazing Spiez!,age 8+,05-Aug,2009,No,8
Huntik,age 8+,05-Aug,2009,No,8
Batman: The Brave and the Bold,age 8+,05-Aug,2008,No,8
Making Fiends,age 8+,05-Aug,2008,No,8
The Secret Saturdays,age 8+,05-Aug,2008,No,8
Star Wars: The Clone Wars,age 8+,05-Aug,2008,No,8
Three Delivery,age 8+,05-Aug,2008,No,8
Bakugan Battle Brawlers,age 8+,05-Aug,2008,No,8
El Chavo: The Animated Series,age 8+,05-Aug,2008,No,8
Transformers: Animated,age 8+,05-Aug,2007,No,8
Edgar & Ellen,age 8+,05-Aug,2007,No,8
Di-Gata Defenders,age 8+,05-Aug,2007,No,8
Storm Hawks,age 8+,05-Aug,2007,No,8
Pucca,age 8+,05-Aug,2006,No,8
Legend of the Dragon,age 8+,05-Aug,2006,No,8
Codename: Kids Next Door: Operation: Z.E.R.O.,age 8+,05-Aug,2006,No,8
Eon Kid,age 8+,05-Aug,2006,No,8
Wolverine and the X-Men,age 8+,05-Aug,2006,No,8
Kappa Mikey,age 8+,05-Aug,2006,No,8
My Gym Partner's a Monkey,age 8+,05-Aug,2005,No,8
The X's,age 8+,05-Aug,2005,No,8
Robotboy,age 8+,05-Aug,2005,No,8
G.I. Joe: Sigma Six,age 8+,05-Aug,2005,No,8
Transformers: Cybertron,age 8+,05-Aug,2005,No,8
The Life and Times of Juniper Lee,age 8+,05-Aug,2005,No,8
Avatar: The Last Airbender,age 8+,05-Aug,2005,No,8
American Dragon: Jake Long,age 8+,05-Aug,2005,No,8
W.I.T.C.H.,age 8+,05-Aug,2004,No,8
The Batman,age 8+,05-Aug,2004,No,8
Code Lyoko,age 8+,05-Aug,2004,No,8
Danny Phantom,age 8+,05-Aug,2004,No,8
Duel Masters,age 8+,05-Aug,2004,No,8
Corneil and Bernie,age 8+,05-Aug,2004,No,8
Martin Mystery,age 8+,05-Aug,2003,No,8
Silverwing,age 8+,05-Aug,2003,No,8
IGPX,age 8+,05-Aug,2003,No,8
My Life as a Teenage Robot,age 8+,05-Aug,2003,No,8
Teen Titans,age 8+,05-Aug,2003,No,8
Sonic X,age 8+,05-Aug,2003,No,8
Codename: Kids Next Door,age 8+,05-Aug,2002,No,8
Yakkity Yak,age 8+,05-Aug,2002,No,8
Ozzy & Drix,age 8+,05-Aug,2002,No,8
Liberty's Kids,age 8+,05-Aug,2002,No,8
Shinzo,age 8+,05-Aug,2002,No,8
Kim Possible,age 8+,05-Aug,2002,No,8
The Cramp  Twins,age 8+,05-Aug,2002,No,8
Totally Spies,age 8+,05-Aug,2001,No,8
Braceface,age 8+,05-Aug,2001,No,8
Invader Zim,age 8+,05-Aug,2001,No,8
Jackie Chan Adventures,age 8+,05-Aug,2000,No,8
The Avengers,age 8+,05-Aug,1999,No,8
Beast Machines: Transformers,age 8+,05-Aug,1999,No,8
Redwall,age 8+,05-Aug,1999,No,8
Sonic Underground,age 8+,05-Aug,1999,No,8
The New Woody the Woodpecker Show,age 8+,05-Aug,1999,No,8
Sherlock Holmes in the 22nd Century,age 8+,05-Aug,1999,No,8
"Ed, Edd n Eddy",age 8+,05-Aug,1999,No,8
The Powerpuff Girls,age 8+,05-Aug,1998,No,8
Beast Wars: Transformers,age 8+,05-Aug,1996,No,8
Freakazoid!,age 8+,05-Aug,1995,No,8
Spider-Man,age 8+,05-Aug,1994,No,8
Gargoyles,age 8+,05-Aug,1994,No,8
Fantastic Four,age 8+,05-Aug,1994,No,8
Biker Mice from Mars,age 8+,05-Aug,1993,No,8
Batman: The Animated Series,age 8+,05-Aug,1992,No,8
Jem and the Holograms,age 8+,05-Aug,1985,No,8
Transformers,age 8+,05-Aug,1984,No,8
Dungeons & Dragons,age 8+,05-Aug,1983,No,8
G.I. Joe: A Real American Hero,age 8+,05-Aug,1983,No,8
The Dick Tracy Show,age 8+,05-Aug,1961,No,8
The Mr. Magoo Show,age 8+,05-Aug,1960,No,8
Mr. Peabody & Sherman,age 8+,05-Aug,1959,No,8
Rocky & Bullwinkle,age 8+,05-Aug,1959,No,8
Fright Krewe,age 9+,08-Dec,2023,Yes,9
LEGO DREAMZzz,age 9+,08-Dec,2023,Yes,9
Daniel Spellbound,age 9+,08-Dec,2022,Yes,9
L.O.L. Surprise Winter Fashion Show,age 9+,08-Dec,2022,Yes,9
Oddballs,age 9+,08-Dec,2022,Yes,9
Samurai Rabbit: The Usagi Chronicles,age 9+,08-Dec,2022,Yes,9
Dogs in Space,age 9+,08-Dec,2021,Yes,9
Maya and the Three,age 9+,08-Dec,2021,Yes,9
I Heart Arlo,age 9+,08-Dec,2021,Yes,9
The Last Kids on Earth: Happy Apocalypse to You,age 9+,08-Dec,2021,Yes,9
Miniforce Super Dino Power,age 9+,08-Dec,2021,Yes,9
Jurassic World: Camp Cretaceous,age 9+,08-Dec,2020,Yes,9
Tobot Galaxy Detectives,age 9+,08-Dec,2020,Yes,9
Spirit Riding Free: Riding Academy,age 9+,08-Dec,2020,Yes,9
Fast & Furious: Spy Racers,age 9+,08-Dec,2019,Yes,9
Mixed Nutz,age 9+,08-Dec,2019,Yes,9
Robozuna,age 9+,08-Dec,2018,Yes,9
Summer Camp Island,age 9+,08-Dec,2018,Yes,9
Adventure Time: Elements,age 9+,08-Dec,2017,Yes,9
Trollhunters,age 9+,08-Dec,2016,Yes,9
Fangbone,age 9+,08-Dec,2016,Yes,9
Stakes,age 9+,08-Dec,2015,Yes,9
Pickle & Peanut,age 9+,08-Dec,2015,Yes,9
Lola & Virginia,age 9+,08-Dec,2014,Yes,9
Clarence,age 9+,08-Dec,2014,Yes,9
Packages from Planet X,age 9+,08-Dec,2013,No,9
Sanjay and Craig,age 9+,08-Dec,2013,No,9
The Problem Solverz,age 9+,08-Dec,2013,No,9
Yu-Gi-Oh! Zexal,age 9+,08-Dec,2012,No,9
Randy Cunningham: 9th Grade Ninja,age 9+,08-Dec,2012,No,9
Motorcity,age 9+,08-Dec,2012,No,9
ThunderCats,age 9+,08-Dec,2011,No,9
Deltora Quest,age 9+,08-Dec,2010,No,9
Totally Spies! The Movie,age 9+,08-Dec,2010,No,9
Stoked,age 9+,08-Dec,2009,No,9
Jimmy Two Shoes,age 9+,08-Dec,2009,No,9
Yu-Gi-Oh! 5D's,age 9+,08-Dec,2008,No,9
Blue Dragon,age 9+,08-Dec,2008,No,9
Chop Socky Chooks,age 9+,08-Dec,2008,No,9
Dinosaur King,age 9+,08-Dec,2007,No,9
Yu-Gi-Oh! Capsule Monsters,age 9+,08-Dec,2006,No,9
Bobobo-bo Bo-bobo,age 9+,08-Dec,2005,No,9
Get Ed,age 9+,08-Dec,2005,No,9
Bratz,age 9+,08-Dec,2005,No,9
A.T.O.M.,age 9+,08-Dec,2005,No,9
Hi Hi Puffy AmiYumi,age 9+,08-Dec,2004,No,9
Yu-Gi-Oh! GX,age 9+,08-Dec,2004,No,9
Viewtiful Joe,age 9+,08-Dec,2004,No,9
F-Zero,age 9+,08-Dec,2004,No,9
Xiaolin Showdown,age 9+,08-Dec,2003,No,9
Spider-Man: The New Animated Series,age 9+,08-Dec,2003,No,9
The Grim Adventures of Billy and Mandy,age 9+,08-Dec,2003,No,9
Kaput and Zosky,age 9+,08-Dec,2002,No,9
Yu-Gi-Oh!,age 9+,08-Dec,2001,No,9
The Weekenders,age 9+,08-Dec,2000,No,9
Spider-Man Unlimited,age 9+,08-Dec,1999,No,9
Batman Beyond,age 9+,08-Dec,1999,No,9
The Adventures of Tintin,age 9+,08-Dec,1991,No,9
Star Blazers,age 9+,08-Dec,1979,No,9
Tales of the Jedi,age 10+,08-Dec,2022,Yes,10
Dead End: Paranormal Park,age 10+,08-Dec,2022,Yes,10
The Proud Family: Louder and Prouder,age 10+,08-Dec,2022,Yes,10
Adventure Time: Distant Lands - Wizard City,age 10+,08-Dec,2021,Yes,10
Steven Universe: Future,age 10+,08-Dec,2019,Yes,10
Infinity Train,age 10+,08-Dec,2019,Yes,10
The Dragon Prince,age 10+,08-Dec,2018,Yes,10
Steven Universe: Wanted,age 10+,08-Dec,2017,Yes,10
World of Winx,age 10+,08-Dec,2016,Yes,10
Four and a Half Friends,age 10+,08-Dec,2015,Yes,10
Grojband,age 10+,08-Dec,2013,No,10
Total Drama Revenge of the Island,age 10+,08-Dec,2012,No,10
Adventure Time,age 10+,08-Dec,2010,No,10
Dragon Ball Z Kai,age 10+,08-Dec,2009,No,10
Total Drama Action,age 10+,08-Dec,2009,No,10
Total Drama Island,age 10+,08-Dec,2008,No,10
Zatch Bell!,age 10+,08-Dec,2005,No,10
Trollz,age 10+,08-Dec,2004,No,10
O'Grady,age 10+,08-Dec,2004,No,10
Winx Club,age 10+,08-Dec,2004,No,10
Courage the Cowardly Dog,age 10+,08-Dec,1999,No,10
Men in Black: The Series,age 10+,08-Dec,1997,No,10
Cow and Chicken,age 10+,08-Dec,1997,No,10
Dragon Ball Z,age 10+,08-Dec,1996,No,10
A Tale Dark & Grimm,age 11+,08-Dec,2021,Yes,11
Beware the Batman,age 11+,08-Dec,2013,No,11
Bravest Warriors,age 11+,08-Dec,2012,No,11
Kekkaishi,age 11+,08-Dec,2010,No,11
Generator Rex,age 11+,08-Dec,2010,No,11
One Piece,age 11+,08-Dec,2004,No,11
Dragon Ball GT,age 11+,08-Dec,2003,No,11
Rocko's Modern Life,age 11+,08-Dec,1993,No,11
Adventure Time: Fionna & Cake,age 12+,08-Dec,2023,Yes,12
Dragon Pilot,age 12+,08-Dec,2018,Yes,12
Fairy Tail,age 12+,08-Dec,2011,No,12
Disgaea,age 12+,08-Dec,2006,No,12
The Ren & Stimpy Show,age 12+,08-Dec,1991,No,12
Wait Till Your Father Gets Home,age 12+,08-Dec,1972,No,12
Supernatural Academy,age 13+,Outside,2022,Yes,13
Bee and Puppycat,age 13+,Outside,2013,No,13
Puella Magi Madoka Magica,age 13+,Outside,2012,No,13
6teen,age 13+,Outside,2005,No,13
Ultraman,age 14+,Outside,2019,Yes,14
Sword Art Online,age 14+,Outside,2012,No,14
Aquarion,age 14+,Outside,2009,No,14
Soul Eater,age 15+,Outside,2013,No,15
Robotomy,age 15+,Outside,2010,No,15
Perfect Hair Forever,age 15+,Outside,2004,No,15