Name,Type,Age Classification
Ultraman: Rising,Movie,age 10+
Unsinkable,Movie,age 10+
Jim Henson: Idea Man,Movie,age 10+
Mysteries of the Terracotta Warriors,Movie,age 11+
Power of the Dream,Movie,age 13+
Federer: Twelve Final Days,Movie,age 13+
Brats,Movie,age 13+
Origin,Movie,age 13+
Hard Miles,Movie,age 14+
How to Rob a Bank,Movie,age 14+
Bad Behaviour,Movie,age 15+
Reverse the Curse,Movie,age 15+
The Old Oak,Movie,age 15+
Hit Man,Movie,age 15+
Am I OK?,Movie,age 15+
Under Paris,Movie,age 15+
The Young Wife,Movie,age 15+
A Part of You,Movie,age 15+
Pilecki's Report,Movie,age 16+
What You Wish For,Movie,age 16+
The Acolyte,TV Show,age 10+
Geek Girl,TV Show,age 10+
Erased: WWII's Heroes of Color,TV Show,age 13+
The Real Red Tails,TV Show,age 13+
Trixie Motel: Drag Me Home,TV Show,age 13+
Queer Planet,TV Show,age 14+
Counsel Culture,TV Show,age 15+
Eric,TV Show,age 15+
Dancing for the Devil: The 7M TikTok Cult,TV Show,age 15+
Fallen Idols: Nick and Aaron Carter,TV Show,age 15+
Tires,TV Show,age 15+
Becoming Karl Lagerfeld,TV Show,age 16+
Hitler and the Nazis: Evil on Trial,TV Show,age 16+
City Island Sings!,TV Show,age 2+
Donkey Hodie Bedtime Stories,TV Show,age 2+
Camp Snoopy,TV Show,age 4+
Strawberry Shortcake's Summer Vacation,TV Show,age 6+
Big City Greens the Movie: Spacecation,TV Show,age 7+
The 1% Club,TV Show,age 8+
Jurassic World: Chaos Theory,TV Show,age 9+
